,Latitude,Longitude,Skill_Level,Preferred_Group_Size,Big Data,Data Analysis,Machine Learning,Python,SQL,Statistics,Hour_0,Hour_1,Hour_2,Hour_3,Hour_4,Hour_5,Hour_6,Hour_7,Hour_8,Hour_9,Hour_10,Hour_11,Hour_12,Hour_13,Hour_14,Hour_15,Hour_16,Hour_17,Hour_18,Hour_19,Hour_20,Hour_21,Hour_22,Hour_23,Monday,Tuesday,Wednesday,Thursday,Friday,Saturday,Sunday,Cluster
29,0.2935813923464405,1.1925313441656982,1,2,0,0,1,0,0,1,0,1,0,1,1,1,0,0,0,1,0,0,1,1,1,1,0,0,1,0,1,0,0,1,1,1,1,1,0,1,1,15
535,0.7504996835825536,0.0938075867148883,2,0,0,0,0,1,0,0,1,1,1,0,0,0,0,1,0,0,0,0,1,0,0,0,0,1,1,1,1,0,0,1,0,0,1,0,0,0,1,46
695,-0.04797096702904448,-0.48688101727731037,1,2,0,0,0,1,1,0,1,1,0,1,1,1,1,0,0,1,0,1,1,1,1,1,1,1,0,1,1,0,1,1,0,0,1,0,1,1,0,13
557,1.7246580288697786,-0.07579226780019126,0,2,1,1,0,0,1,0,1,0,0,0,0,0,1,0,1,0,0,0,0,1,1,1,0,1,1,1,1,1,0,1,1,1,0,1,1,1,1,2
836,0.22928698070035178,-1.0449275927468729,1,1,0,0,1,1,0,1,1,1,0,1,1,1,1,1,0,0,0,1,0,0,1,0,0,1,1,1,0,0,1,1,0,0,0,0,1,0,1,50
596,-1.5581599393641357,-0.9710834516704588,2,1,0,1,0,1,1,0,1,0,1,0,0,1,1,1,1,1,1,0,0,0,0,0,1,0,0,0,1,0,0,1,0,1,0,0,0,0,1,1
165,0.5561155740794995,-0.84201700538734,2,0,1,0,1,0,0,0,0,1,1,1,0,1,1,1,0,0,1,0,1,1,1,1,0,1,0,0,0,0,1,1,1,0,0,1,1,1,1,12
918,1.3072340989507383,1.3771712615448333,0,2,0,1,0,0,0,0,1,0,0,1,0,1,0,1,0,0,0,1,1,1,0,1,0,0,0,1,1,1,0,0,1,0,0,0,1,0,0,30
495,1.3189620557477406,0.6743385347753194,2,2,0,0,0,0,1,0,1,1,1,1,0,0,1,1,1,0,0,1,1,1,1,1,0,0,1,0,0,1,1,1,0,0,0,1,0,1,1,35
824,0.7832981386601079,-1.3543011788726649,2,1,0,0,1,1,0,0,1,0,0,1,0,1,1,1,1,1,1,0,1,1,0,0,1,0,1,1,1,0,1,1,0,0,0,1,0,1,1,45
65,-0.6645020338503209,0.6273642206300413,1,1,0,0,0,0,1,0,0,0,1,0,0,1,0,1,0,1,1,1,0,0,1,0,1,0,0,1,0,0,0,0,1,0,1,1,1,0,0,22
141,1.3199614221001144,1.4777067755970934,2,1,1,0,1,0,0,0,1,0,0,1,0,0,1,0,0,0,1,0,1,0,0,1,0,0,1,0,1,1,1,0,0,0,1,0,1,0,1,39
925,-1.429415063242374,-1.4745520189685566,0,0,0,0,1,1,0,0,1,1,0,1,1,0,1,0,0,0,0,1,0,1,1,0,0,0,1,1,0,0,1,1,1,0,0,0,1,1,0,56
827,0.798105592108543,-0.43869683620599204,0,0,1,1,0,0,0,0,0,0,0,0,0,1,1,1,1,1,0,1,1,1,1,0,0,0,1,0,1,1,0,1,1,0,1,0,0,0,0,64
655,-1.137125862715913,-0.7721008389500459,1,2,0,0,1,1,0,1,1,1,1,0,0,0,0,1,0,1,0,1,0,0,0,0,1,0,0,0,0,1,1,0,1,1,1,1,1,1,0,50
331,-0.7573475666656535,-0.27212117370492156,0,2,1,0,0,0,1,1,0,0,0,0,1,0,0,1,1,1,0,1,0,0,1,1,1,1,1,0,1,1,1,1,1,1,0,0,1,0,0,31
664,-0.43939991271171647,-1.0969904515723794,1,2,0,0,0,1,1,1,1,0,1,1,0,1,1,1,0,0,0,1,0,1,0,0,0,0,1,0,1,1,1,1,1,1,0,1,0,1,1,61
249,0.22240488162277589,-1.4857188388343396,1,1,0,1,0,0,1,1,1,1,1,1,0,1,0,0,1,1,1,1,1,0,0,0,0,0,1,0,1,1,0,0,1,0,1,0,1,0,0,70
907,-0.3804137143436048,1.1243726107160181,0,0,1,1,0,0,0,0,1,1,0,1,0,1,0,0,0,1,1,1,1,0,0,1,0,0,1,1,0,0,0,1,0,0,1,0,1,0,1,6
708,-0.6159474294147737,1.472926418065048,0,2,0,0,1,0,0,0,1,1,1,1,0,1,0,1,1,1,1,1,0,1,1,1,1,0,0,0,1,0,1,1,0,1,1,0,0,1,0,14
305,-1.30450015041159,-0.21229876050336244,2,2,0,0,1,0,0,0,0,0,0,1,1,0,0,1,0,1,1,1,1,1,1,1,0,1,0,1,1,1,0,1,0,1,1,1,1,1,1,10
734,-0.9705456370291798,-0.5968357410969656,2,1,1,1,1,0,0,0,1,0,0,1,0,1,0,1,0,1,0,1,0,0,0,1,1,1,1,1,0,1,0,0,0,0,0,1,1,1,1,10
975,-1.299265310439954,0.36249363262645895,1,0,0,1,0,1,0,0,1,0,0,0,1,1,1,0,0,0,0,0,0,1,0,0,1,1,1,1,1,1,1,0,1,0,0,1,1,0,0,28
49,1.3538026236136662,1.2587481317838118,1,2,0,1,0,0,1,1,0,1,1,0,0,0,1,1,1,1,0,1,1,0,0,0,0,1,1,0,0,0,1,0,0,1,0,1,0,0,0,35
896,-0.07180537258659518,0.5033237521198243,0,1,0,0,1,1,0,1,0,0,0,1,1,1,0,1,0,1,0,0,0,1,0,0,1,1,0,0,1,0,0,0,1,1,1,1,0,1,1,14
2,1.2508391095253615,-0.1210509850559557,1,1,1,1,0,0,1,0,1,0,0,0,1,0,0,0,0,0,0,1,1,0,1,0,1,1,0,0,1,0,1,0,1,1,1,1,0,1,1,48
544,-1.6819471168064584,0.9945459707476539,2,1,0,0,1,0,1,0,1,1,1,1,1,0,1,1,0,1,1,0,0,0,0,1,1,1,1,0,1,0,1,1,1,1,0,1,1,1,0,36
350,-0.24140482469353206,-0.575862125028207,2,1,0,1,0,0,1,1,1,1,0,0,1,1,0,1,1,0,1,0,0,1,1,0,1,1,1,0,0,0,0,1,1,1,1,1,0,0,0,4
904,0.046765176103497064,-1.6593246365716414,0,2,0,0,0,1,0,0,0,1,0,0,0,1,0,0,0,0,1,0,0,1,0,1,0,0,1,1,0,0,1,1,0,1,0,1,1,0,0,34
536,-0.6751776737800639,1.5554362294388933,2,1,0,0,0,1,0,0,1,1,0,1,0,1,1,0,0,0,1,0,1,1,1,1,1,0,0,1,0,1,1,1,0,1,0,1,1,0,1,13
344,-0.1746954155113883,0.4983274446574872,1,2,0,1,0,1,0,1,1,1,1,1,0,0,0,0,1,1,0,0,1,1,1,0,1,0,1,1,0,0,1,1,0,1,0,1,1,0,0,8
994,-0.5667432490823299,1.098137238726812,0,0,0,0,0,1,0,0,0,1,0,1,1,1,1,1,0,1,1,1,1,1,0,0,0,0,0,1,1,1,0,0,1,1,1,0,1,0,0,14
481,-0.8062839217085197,-1.3589978930146362,1,0,1,0,0,0,0,1,0,1,1,0,0,1,0,1,1,0,1,1,0,0,1,0,1,0,1,0,0,0,0,1,0,1,1,0,0,0,1,66
575,-0.7027885832564209,1.548774217298594,2,2,1,0,0,0,1,0,1,1,1,1,0,0,0,0,0,0,1,0,1,0,0,0,0,0,0,1,0,0,0,1,0,0,0,1,0,0,1,6
33,0.6455494340785883,1.459457671803598,0,1,1,0,0,0,0,0,1,0,1,0,1,1,0,0,1,0,1,0,1,1,1,0,0,1,0,1,0,1,1,1,1,1,1,0,0,0,1,31
31,-1.5128064876142218,1.6293451170862256,2,2,0,1,0,0,0,0,0,1,1,0,1,1,0,0,0,1,0,1,1,0,0,1,0,0,1,0,1,0,0,0,1,0,1,1,1,0,0,22
231,0.03257033789871093,1.4527319021027327,0,1,0,1,0,1,0,0,1,1,1,0,0,0,0,1,1,0,0,0,0,0,0,0,1,0,0,1,1,1,0,0,0,1,0,1,1,1,1,73
963,1.5160775056614955,1.2131152421454954,0,1,0,0,1,1,0,0,0,0,1,1,1,0,1,1,1,1,1,1,1,1,0,0,1,1,0,0,0,0,0,1,0,1,0,1,0,1,1,14
192,1.3764968365649677,1.0780241960930217,2,2,0,0,1,0,1,0,1,1,1,1,0,0,0,0,1,0,1,0,1,1,0,0,0,0,1,0,1,1,0,1,0,0,1,0,1,1,1,21
333,-1.0534203559700552,1.4941035302152945,1,1,1,0,0,0,0,0,0,0,1,0,1,0,1,0,1,1,1,0,1,1,0,0,1,1,0,1,0,0,1,1,0,0,0,0,1,1,1,18
3,-0.7445744072176774,1.076607568391127,2,2,0,0,0,0,0,1,1,0,0,1,1,0,0,1,1,1,0,1,1,1,0,1,1,1,0,1,1,0,0,0,0,0,0,0,1,0,1,4
204,0.2959075942861044,1.0643042123959972,2,1,0,0,0,1,0,0,1,0,1,1,0,1,1,0,0,1,0,0,1,0,0,0,1,0,0,0,0,1,0,1,1,1,0,1,1,0,1,68
514,0.7224393454798518,-0.07728392586025823,2,0,0,1,0,1,0,0,1,0,1,1,1,1,1,0,0,0,1,0,1,0,1,0,0,1,1,0,1,1,0,0,0,0,0,1,0,1,1,44
799,-1.290022005912874,-1.6591588285060002,2,1,1,1,1,0,0,0,0,0,1,1,0,1,0,0,1,1,0,0,0,0,0,1,0,0,1,0,1,0,0,0,1,0,0,0,1,1,0,1
306,1.1902459007054815,-0.38786456551370985,2,0,1,0,0,0,0,0,1,0,0,0,0,1,0,1,1,0,0,0,0,0,0,0,1,1,0,1,0,0,1,1,1,1,0,1,0,1,1,17
109,1.6858409370288163,-1.2056175394177495,2,2,1,0,0,0,0,0,1,1,0,0,1,0,1,1,1,1,1,0,0,0,0,1,1,0,0,0,0,0,0,0,1,0,0,0,0,1,0,24
430,-0.3360383254400755,-1.2959537641878618,1,2,1,0,1,0,0,0,0,1,1,1,1,1,0,0,1,0,1,1,1,1,1,0,0,0,0,1,0,1,0,0,1,1,1,0,1,0,0,25
77,1.597904604879289,-1.1697970727791696,1,0,0,0,1,0,0,0,0,0,0,1,1,1,0,1,1,0,0,0,1,0,0,1,1,1,1,1,0,0,1,1,0,0,0,0,1,1,1,16
84,-0.4170431699981427,0.2714448595047653,0,2,0,1,1,0,1,0,1,1,0,1,1,1,1,0,0,1,0,0,1,1,0,0,1,0,0,1,0,0,1,1,1,0,0,1,1,1,0,57
286,-1.1129783337846217,1.1359541043785804,0,1,0,0,0,1,1,1,1,1,1,0,1,1,1,0,0,0,1,0,0,1,1,1,1,0,0,0,0,0,1,1,1,1,0,1,1,1,1,55
82,-1.1240594057569127,-1.4713268658122147,0,2,0,0,1,1,1,0,1,1,1,1,0,0,0,1,0,0,0,1,0,1,1,0,1,0,1,1,1,1,0,1,0,1,0,1,0,1,0,1
991,-0.6999767651088104,0.44197804212897124,0,2,0,1,1,0,1,0,1,1,0,0,0,1,0,0,1,1,0,1,0,0,1,0,1,1,0,0,1,1,1,0,0,0,1,0,0,1,1,59
789,-0.7988177523238907,-0.390756162926234,0,2,0,1,0,0,0,1,0,1,0,1,1,1,1,0,1,0,0,1,1,1,0,0,1,1,1,1,0,1,1,1,1,1,1,1,1,0,1,60
894,-1.3327668105722938,-0.17431714301060075,1,1,0,1,0,1,0,1,0,0,1,1,1,1,1,0,1,1,1,1,0,0,0,1,0,1,1,1,1,0,0,0,1,0,0,1,0,0,0,37
398,-0.7777255297515175,1.579198518629256,0,0,0,0,0,1,0,0,0,0,0,0,0,1,1,0,0,1,0,0,1,1,1,0,0,1,0,0,0,0,1,1,1,0,1,1,0,1,0,18
323,-1.4729000008241482,-1.4665719536921422,1,0,0,1,0,1,1,0,1,1,1,1,1,1,0,1,0,0,1,1,1,1,1,1,1,0,0,1,1,0,0,0,1,0,0,1,0,1,0,1
519,-1.6134846747029248,0.809576770533504,2,0,0,1,1,0,0,1,0,1,0,0,0,1,0,1,1,1,1,1,1,0,0,1,1,1,0,0,0,0,1,1,1,1,0,1,1,0,1,36
916,0.411293890223886,-1.26650919763654,1,0,0,0,1,0,0,0,1,1,1,1,0,0,1,1,1,0,1,0,1,1,1,1,1,1,0,0,0,1,0,0,0,1,0,0,0,1,1,12
922,-0.06334941706657152,-0.06054827676274625,1,1,0,0,0,1,0,0,1,1,0,1,0,1,1,1,0,1,0,1,1,1,1,0,1,1,0,1,0,1,1,0,0,0,1,0,1,0,0,13
5,0.9348400854049441,0.1447441835962598,1,1,1,0,0,0,1,1,1,0,0,0,1,0,0,1,1,1,1,1,1,0,1,0,0,0,1,1,0,1,1,1,0,0,0,1,1,1,1,64
731,0.6800862435019774,-0.8859391183613543,2,1,0,0,0,0,1,0,1,0,0,1,0,0,1,0,0,0,0,0,0,0,1,1,1,0,0,1,0,1,0,1,1,1,0,1,0,0,0,63
465,1.6775611244154536,1.0402093756762534,2,0,0,0,0,0,0,1,0,1,0,1,1,1,1,0,0,0,0,1,0,1,1,1,0,1,1,1,0,1,0,0,1,0,0,1,1,0,1,65
97,1.6704151436922656,-1.021978068423096,1,2,0,0,0,0,1,0,0,1,1,0,1,1,0,0,0,1,0,1,0,0,1,1,1,0,0,0,1,1,0,1,1,1,0,0,1,0,0,74
266,0.26298161174412776,-1.0873199563591989,0,1,1,1,0,0,0,1,1,0,0,1,1,0,1,1,1,0,1,0,1,1,1,1,0,0,1,0,1,0,0,1,1,0,0,0,1,0,1,2
357,-1.21002435628081,-0.9204880537585393,0,1,0,0,0,0,1,0,0,0,0,1,0,0,1,1,1,1,1,1,1,0,1,1,0,1,1,1,0,0,1,1,1,1,0,0,0,1,0,58
868,0.1543277521275626,0.9600316027025831,1,1,1,0,0,1,0,1,1,0,1,1,1,0,1,0,0,1,0,1,0,1,0,1,0,1,0,1,0,0,0,0,0,1,1,1,1,1,0,7
798,0.05811497365133298,-1.409480735787255,1,0,0,0,1,0,0,1,0,1,0,0,1,0,1,1,0,0,1,1,1,0,0,0,0,0,0,1,1,0,0,1,1,1,0,1,1,1,0,3
380,-0.19943910011027285,-0.8685687934749406,1,2,0,0,0,0,1,0,0,1,0,0,1,1,1,0,0,1,1,0,0,1,0,1,1,0,1,1,1,1,1,1,0,0,0,1,0,0,1,34
631,-0.8134077867112044,-0.6505873302977592,0,1,0,1,0,0,1,1,0,0,1,1,0,0,0,1,0,1,0,0,1,1,1,0,1,1,0,0,1,0,1,1,1,0,0,1,0,0,0,8
381,-0.9698125302516578,-0.2517218173752029,2,2,0,1,0,0,1,0,0,0,1,0,0,0,1,0,0,1,1,1,0,1,1,1,1,1,0,1,0,1,1,0,0,1,0,1,1,1,1,10
490,-0.9077905088872482,-0.29405654952992055,0,0,0,1,0,0,0,0,1,0,0,0,1,0,1,0,0,1,0,0,1,1,1,1,0,0,1,1,0,1,1,1,1,1,1,1,0,0,0,69
118,1.2862625049122762,-0.03868463779542659,0,1,0,1,0,1,0,0,1,1,0,1,0,1,1,1,1,1,1,0,1,0,1,0,0,1,0,0,0,1,1,0,1,0,1,0,0,1,0,48
900,0.12645911622160988,0.6851753036427074,0,1,0,0,0,1,0,0,1,0,1,1,0,1,0,0,0,0,1,0,0,0,1,0,0,0,1,0,0,0,1,0,1,0,0,0,1,1,0,31
250,-0.731257103188158,0.5091246915189579,1,2,1,1,0,0,0,0,0,0,1,1,0,0,0,1,1,1,1,0,1,0,0,1,1,0,0,0,0,1,1,0,0,0,1,0,1,0,0,22
523,0.2502806317450143,0.5564135589664332,0,0,1,0,0,0,0,0,0,0,1,0,0,0,0,0,0,0,0,0,1,0,0,1,0,1,0,0,1,0,1,0,0,1,1,1,1,0,1,7
9,-0.6858434888499022,1.6236472748147728,2,2,1,0,1,1,0,0,1,0,0,1,1,1,1,1,0,1,1,0,1,0,0,1,0,0,0,0,1,0,0,1,1,1,1,0,0,1,0,62
196,-0.5720526268606342,0.24508301901703244,2,0,0,1,1,0,0,0,0,1,1,1,0,1,1,1,0,1,1,0,0,0,0,0,1,0,1,0,0,0,1,0,0,0,1,1,0,0,1,32
603,1.6240477155144422,0.7213927571162347,2,1,0,0,0,1,0,0,0,1,0,0,0,0,1,1,0,0,1,0,0,0,0,0,0,1,0,1,0,1,1,1,1,0,0,1,0,0,0,16
81,0.9928448937828785,0.2098307820349567,0,0,0,0,1,0,0,0,0,1,0,0,1,1,0,1,0,1,1,1,0,0,0,0,1,0,1,0,0,0,1,0,1,1,0,0,0,1,1,67
783,0.7032051174298041,1.6087633027495973,2,2,0,0,0,0,1,1,0,1,1,1,1,1,1,1,0,0,0,0,1,0,1,0,1,0,0,0,0,0,1,1,1,0,1,1,0,1,1,35
587,0.27490581131058434,-0.16965997968067334,1,1,0,0,0,0,1,0,1,0,0,1,1,0,1,0,1,0,1,1,0,0,0,0,0,1,0,0,0,1,0,1,0,0,0,1,0,1,1,44
797,-0.7972157717306796,-0.5544242886246389,2,1,1,1,0,0,1,0,0,1,1,1,1,0,0,1,0,0,1,0,0,1,1,1,0,1,0,1,1,0,1,0,0,0,1,1,1,0,1,72
239,0.3451891013545723,1.0018251157456568,0,1,0,0,0,1,0,1,1,1,0,1,0,0,0,0,1,0,1,0,0,0,0,0,1,1,1,0,0,0,0,1,0,0,0,1,0,1,1,73
290,-1.7496852397063691,-0.5302606820782723,2,1,0,0,0,0,1,0,1,1,0,1,0,0,1,1,1,0,0,0,1,0,1,0,1,0,1,1,1,0,0,0,0,1,1,0,1,1,0,1
211,-0.8957470410015482,-1.1265491191918051,0,1,1,0,0,1,0,0,1,1,1,0,0,0,0,1,0,0,1,0,0,0,1,1,1,1,1,1,0,1,1,1,1,1,0,0,0,0,0,50
717,0.2679802147207803,-0.24607209093748442,1,2,0,0,1,1,0,1,0,0,1,0,1,0,1,0,1,0,1,1,0,1,1,1,1,0,0,0,1,0,1,1,1,0,1,0,0,0,0,42
359,-0.6811172615212493,-0.8613270292274323,0,2,1,0,0,1,1,0,1,1,0,1,0,1,0,0,1,1,1,1,1,0,1,1,1,0,1,1,0,1,0,1,1,0,1,0,1,0,1,34
449,-1.420326333901606,-1.4196359420934148,2,1,0,1,0,1,0,0,0,1,0,0,1,0,1,1,0,1,0,0,1,0,1,1,1,1,0,0,1,0,0,0,1,0,1,0,0,1,1,72
227,1.3756401655384234,1.6366084955308475,0,1,0,0,0,1,0,0,1,0,1,0,0,1,1,0,0,0,1,0,0,1,1,0,0,1,1,0,0,0,1,1,1,0,1,1,1,0,0,41
950,0.7177686129525142,-0.31656119203198735,2,1,1,0,1,0,0,1,0,0,0,1,1,1,0,0,1,0,0,0,0,0,0,0,0,1,0,1,1,0,0,1,1,1,1,0,1,1,0,17
946,-1.5700343002737245,-0.43166191915271845,2,2,0,1,0,0,1,1,0,1,1,0,1,1,0,0,0,1,1,0,0,1,0,1,1,1,0,0,0,0,0,0,1,0,1,0,1,1,1,10
796,1.3103770461914368,-0.3166877373468521,0,2,0,0,0,1,0,0,1,1,0,0,0,0,1,0,0,0,0,0,0,1,0,1,0,1,0,1,0,1,1,0,0,0,1,0,1,0,1,2
501,-1.246109951139599,1.4646704573085505,2,2,0,1,0,0,0,0,1,1,1,1,0,0,1,1,0,1,0,0,1,1,0,0,1,1,1,1,0,1,0,0,0,0,1,1,0,0,1,21
464,1.69107598250051,-0.4101099816810467,2,2,1,0,0,0,1,0,0,0,1,0,1,0,0,1,1,0,1,0,1,0,1,0,1,1,0,0,0,1,0,0,0,0,0,1,1,0,0,63
362,1.1803276361315114,-1.219517014090627,0,1,1,0,0,1,0,1,0,0,0,0,0,0,1,0,0,1,1,1,1,1,1,0,1,0,0,1,1,0,0,0,0,0,1,0,0,1,0,48
468,0.3956151165305024,0.19645594374675057,2,0,0,0,0,1,0,0,1,1,0,0,1,0,0,1,0,1,1,1,0,1,0,0,0,1,0,0,0,1,1,1,1,0,1,1,0,1,1,9
935,-0.07148743464007254,1.312647496414894,2,0,0,0,0,0,1,1,0,0,0,1,1,1,1,1,1,1,1,1,0,1,1,0,0,1,1,1,1,1,0,1,1,1,0,0,0,1,0,20
428,1.603686045647444,0.2570943673051773,0,0,1,0,0,0,0,0,0,1,1,0,0,1,1,1,1,0,0,1,1,0,0,1,1,1,0,1,1,1,0,1,1,0,0,1,0,1,0,38
7,-0.30600410056818234,0.2735321418478872,2,1,0,0,1,0,1,0,1,1,1,0,1,1,1,0,1,1,1,0,0,1,0,0,0,0,1,0,0,0,1,0,1,0,1,1,1,0,0,32
155,1.303905232872059,0.29537379213844533,2,0,0,1,0,0,1,0,0,0,1,1,1,0,1,0,0,1,1,0,1,0,0,1,1,0,1,1,1,0,1,1,1,1,0,0,1,1,1,39
541,-1.028612467281693,0.7758853935300195,0,1,1,0,0,0,0,0,1,0,1,1,1,1,1,1,1,0,1,1,1,0,1,1,1,0,0,0,0,0,1,1,1,1,1,0,0,0,0,31
440,-1.554234526189182,-0.932791064080148,0,2,0,0,1,1,0,1,0,0,1,1,1,0,1,0,0,1,1,0,0,0,0,1,1,0,1,0,1,0,1,0,1,1,1,1,0,1,0,37
482,-1.5173774351849358,-1.4906662430954776,1,0,1,1,0,1,0,0,0,1,1,0,1,1,1,1,1,1,0,1,1,1,0,0,0,0,0,1,1,1,1,1,1,0,1,0,1,1,1,53
422,0.7324978198075237,-0.6045015507344929,1,0,0,0,1,0,0,0,1,1,1,1,1,1,1,0,0,0,0,0,1,0,0,1,1,1,1,0,1,1,0,1,1,1,0,0,0,0,0,12
778,-1.3282439402293806,-0.36280867958885243,2,2,1,0,0,0,0,0,0,1,1,0,0,0,0,0,0,0,1,0,1,1,0,0,0,0,1,0,0,1,0,0,0,1,1,1,1,1,1,49
949,0.3344857972027665,0.3080740101419733,2,2,1,0,1,0,1,0,0,0,1,0,0,0,0,1,1,1,1,0,0,0,0,1,1,0,1,1,0,0,1,1,1,1,1,1,0,1,1,63
334,-0.7030359563973919,-0.03836315181872201,2,2,1,1,0,1,0,0,0,1,1,1,0,1,0,1,0,0,1,0,1,0,0,0,1,0,0,1,1,0,1,0,0,0,0,1,0,1,0,1
576,1.5401011278436678,-0.4249971512262925,0,1,1,1,0,0,0,0,1,1,1,1,0,0,1,1,1,0,0,1,1,1,1,1,1,0,0,1,1,1,1,1,0,1,1,0,0,0,1,60
934,-0.5561925923305796,1.0813818670345106,2,1,0,1,0,0,0,1,0,1,1,1,1,1,1,1,1,0,1,1,0,0,1,0,0,0,1,0,1,0,1,0,1,1,1,0,1,0,0,32
567,0.18870404643439861,-1.237392531226148,2,1,0,0,1,0,0,1,0,0,1,0,1,0,0,1,0,0,0,1,0,1,0,1,1,1,1,1,0,0,1,1,0,0,0,1,1,0,0,40
594,-0.24045438692634183,-1.5863601577901965,2,0,1,0,0,1,0,0,0,0,0,1,0,0,0,1,0,0,0,1,0,1,0,0,1,0,1,1,1,0,1,0,0,0,1,0,1,0,1,40
530,0.6733506170370069,-0.8225125401916051,0,0,1,0,0,1,1,0,0,0,0,0,0,1,0,0,0,1,0,1,0,0,0,0,0,1,0,0,1,0,1,0,1,0,0,0,0,1,1,64
581,-1.2593244562116475,0.6642802322795861,0,0,1,0,0,0,0,0,1,1,1,0,0,0,0,0,1,0,0,1,1,0,1,1,0,0,0,1,0,1,0,1,1,1,1,0,1,1,1,11
707,0.7697387849196855,-1.4513532448319517,1,0,0,1,0,0,0,0,1,0,1,0,1,1,0,1,1,0,1,1,1,1,0,1,0,0,0,0,0,0,1,0,1,0,0,0,1,1,0,24
448,-0.1657960887238655,-1.4758427734985442,0,1,1,0,0,1,1,0,0,1,1,0,1,1,1,0,1,1,0,0,1,0,0,0,0,0,1,0,1,0,0,0,1,0,1,0,1,0,1,70
453,1.5638012537920407,-1.1554930448620484,1,2,0,1,0,1,1,0,1,1,1,0,0,0,0,1,1,1,0,1,0,1,1,1,1,0,0,0,0,0,1,1,1,0,0,0,1,1,0,42
228,1.021246303267178,-1.5610098924539173,1,1,1,1,0,0,0,0,0,0,0,1,0,0,0,1,1,1,0,0,1,1,0,0,0,1,1,1,0,0,1,0,1,0,1,1,0,1,0,57
352,-0.7250326825811851,-0.4882158835894126,0,2,1,0,1,0,0,1,1,1,1,0,1,0,1,0,0,0,0,1,0,1,0,0,0,0,1,0,1,0,1,0,1,0,1,1,1,1,0,60
728,-1.7259190308108472,-0.6475410055763549,2,2,1,1,1,0,0,0,0,0,0,0,1,1,1,0,1,0,0,1,1,0,1,0,1,1,0,0,1,1,0,0,0,0,0,1,1,1,1,10
212,-0.08573018371547038,-1.5987092003023704,2,0,0,0,0,0,0,1,1,0,1,1,1,0,1,0,0,0,1,0,1,0,1,0,0,1,0,1,1,1,1,0,0,1,1,1,1,0,1,72
79,0.835329011430058,-0.30341952013583384,0,2,1,0,1,0,0,0,1,0,1,1,1,0,1,1,1,0,1,0,1,1,0,0,0,0,1,0,0,1,1,1,0,1,1,1,1,1,0,67
148,0.29483385648425164,1.1675994686165505,1,1,0,1,1,0,0,0,1,0,1,1,0,1,1,1,0,1,1,1,1,0,0,1,1,0,1,1,0,0,1,0,1,1,0,0,0,0,0,32
302,-0.5852036422005488,0.10842866446519266,1,2,1,0,0,1,0,1,0,1,1,1,1,1,0,1,0,1,1,0,1,0,1,1,0,1,1,0,1,0,0,1,0,1,0,0,0,1,0,20
628,-1.310030382037696,0.23251892916653877,0,2,1,0,1,1,0,0,1,0,0,1,1,0,1,1,1,0,0,1,0,0,1,1,1,1,0,1,0,0,1,0,1,0,1,0,0,1,1,55
777,1.3889387886341196,0.9383047832353401,2,2,0,0,0,1,0,0,0,1,1,1,1,1,0,0,0,0,0,1,1,1,0,0,1,1,1,1,0,0,0,0,0,0,1,1,0,1,1,51
506,-0.46458097971927376,0.23164456719889384,1,1,0,0,1,1,1,0,1,1,0,1,1,0,1,1,0,0,1,1,1,0,1,0,1,0,1,0,1,1,1,1,0,1,1,1,1,1,0,13
342,0.2535360070887478,-1.4300479550196572,1,1,0,1,0,0,1,0,0,1,0,0,1,0,0,0,1,1,0,1,0,1,1,0,1,0,0,1,1,0,0,1,1,0,1,0,1,0,0,74
485,0.49469007045421354,-0.575610762766083,1,2,0,1,0,0,0,0,0,1,0,0,1,1,0,0,0,0,1,0,0,1,1,1,0,0,0,0,0,1,1,1,1,1,0,0,1,1,1,74
711,1.1566761451968108,-0.1773776979586255,2,0,0,0,1,1,0,1,1,1,0,0,0,0,1,0,1,0,0,0,0,0,0,1,1,1,0,0,0,1,0,1,1,0,0,1,0,0,1,52
133,0.9694966915762967,0.19919336116680306,2,2,0,0,1,1,0,1,0,0,0,1,1,0,1,1,0,0,0,0,0,0,0,1,0,0,0,0,1,0,1,0,0,1,1,0,1,0,0,17
703,-0.03462193770489212,1.7577603432616393,1,1,0,0,1,0,0,0,0,0,0,1,1,1,1,0,1,0,0,0,1,0,1,1,1,0,1,1,0,1,1,1,0,0,1,0,1,1,1,7
311,-0.4339777741159982,-0.39314879021303156,1,2,0,1,0,1,0,1,0,1,0,1,1,0,1,1,0,0,1,0,0,1,0,1,0,1,0,0,1,0,0,1,1,0,1,1,0,0,1,46
722,0.27619012795735004,-0.09635418670526938,0,1,0,0,1,0,1,0,0,0,1,1,0,0,0,1,1,1,1,0,0,1,0,1,0,0,1,0,0,0,0,1,0,1,1,0,0,0,0,67
629,1.484953494411809,1.0990488182102334,2,2,1,0,1,0,1,0,1,0,1,1,1,0,1,0,1,0,0,0,1,0,0,0,0,1,1,0,0,1,0,1,1,0,1,0,1,0,1,21
0,-0.30751094442036275,1.2148266429425443,1,1,0,1,1,1,0,0,0,0,0,0,1,1,0,0,1,1,0,0,1,0,1,0,0,1,0,1,1,1,1,0,1,1,1,0,0,1,0,7
316,-0.1906539628548514,0.49572815261525777,1,2,1,0,0,0,0,0,1,0,0,1,0,1,0,0,0,0,1,0,0,0,0,1,0,0,0,1,0,1,0,1,1,0,1,0,1,0,1,6
706,-0.47963030673570517,-0.03853179248682816,2,2,0,0,0,0,1,0,1,1,1,1,0,0,0,0,0,0,1,0,0,1,1,1,1,0,1,1,0,1,1,1,1,0,1,0,0,1,1,63
547,1.2383678590194018,0.41556811461363063,2,1,0,0,1,0,1,0,1,0,1,0,1,1,1,1,0,0,1,1,1,1,0,1,1,1,0,1,1,1,1,0,1,1,1,0,0,0,0,48
872,0.45519002363554256,-1.0305135158234793,1,0,0,0,1,0,0,0,1,0,1,0,0,0,0,0,1,1,0,0,0,1,1,1,0,0,0,1,0,0,0,1,1,0,0,0,0,1,0,43
532,0.07419846502992075,-0.5880921790327702,1,0,0,0,0,0,0,1,0,1,0,0,1,1,1,1,1,1,1,1,0,1,1,0,0,0,0,0,0,1,1,1,1,0,1,1,0,0,1,72
477,-1.7792891768144412,-0.050469675549688106,1,0,0,0,0,1,0,0,1,1,1,1,0,1,0,1,1,1,0,1,1,1,1,1,0,1,0,1,0,1,1,0,1,1,1,1,1,1,1,11
404,-0.6953145559410117,1.4067969898273605,0,1,0,1,0,0,0,0,0,0,0,0,0,0,1,0,0,1,0,1,0,0,0,1,0,1,1,1,0,0,0,0,0,1,0,0,0,1,0,18
172,-1.0195472725903978,0.63209743213462,0,2,1,1,0,0,0,1,1,0,0,0,0,0,1,0,0,1,1,1,1,1,1,0,1,1,0,1,0,1,1,1,0,0,0,0,1,0,1,13
125,-0.948924095236574,1.6429369903354978,0,1,0,1,0,1,0,1,0,1,0,1,1,0,1,1,1,1,0,1,0,1,0,0,0,1,1,1,0,0,1,1,0,0,0,1,0,1,1,73
394,0.11995211346376805,1.1151846949424364,1,2,0,1,0,0,0,1,0,0,0,1,1,1,1,0,1,0,0,1,0,1,0,1,0,0,1,1,0,1,1,0,1,0,0,0,0,1,0,23
420,-0.7388798342596571,0.8446883856067706,0,1,0,0,0,0,0,1,1,1,0,0,0,0,1,1,1,1,1,0,0,1,0,0,0,0,1,1,0,1,1,0,0,0,0,0,0,0,1,23
552,0.6476330285214782,-0.9879682973005127,2,0,1,0,0,0,1,1,1,1,0,1,1,1,1,0,1,1,0,1,1,0,1,1,1,1,0,1,1,1,0,1,1,0,0,1,0,1,0,48
903,1.3781531670306009,-0.5255974502576403,1,2,0,0,1,0,1,1,1,0,0,1,0,0,0,1,1,0,0,0,1,1,0,0,1,1,0,0,0,0,0,1,0,1,1,1,0,0,0,68
90,-0.014020067627511183,-1.3368726175999808,1,0,0,0,1,0,0,1,1,0,0,0,1,0,0,0,0,1,1,1,0,0,0,0,0,0,0,0,0,1,1,1,0,1,1,1,0,1,0,3
939,1.1313293668569542,1.3516693511552373,1,2,0,0,0,1,1,1,0,0,1,0,1,1,1,0,1,1,0,1,1,1,0,1,0,1,0,0,1,0,0,1,0,1,0,0,0,1,0,42
181,0.9641691612928892,0.4717047742939679,1,1,1,1,1,0,0,0,1,1,1,0,0,1,0,1,1,1,0,1,1,1,0,0,1,0,0,1,1,0,1,0,1,0,1,1,0,0,1,60
274,-0.7249733909216597,-1.6275977894031042,1,1,1,0,0,1,0,0,0,0,1,1,0,1,1,1,1,0,0,0,0,0,1,1,1,1,0,0,1,0,1,0,0,0,0,1,1,0,1,40
895,0.9107716935673288,-1.3454036864690964,2,0,0,0,1,1,0,1,1,1,0,1,0,1,0,0,1,0,0,0,0,0,1,0,1,1,0,1,0,1,0,0,1,1,0,0,1,0,1,50
69,-0.5660056702321221,-0.9076075574116933,0,2,0,1,0,0,0,1,1,0,1,0,1,0,1,1,1,0,1,1,0,0,0,1,0,1,0,1,0,1,1,1,0,0,0,0,1,1,0,23
291,-0.8552407386857095,0.6640547187152097,0,1,1,0,0,0,0,0,1,1,1,0,0,1,1,1,1,0,1,0,1,1,0,1,0,1,1,0,0,0,0,1,1,0,0,1,1,0,0,31
131,0.5028877221873362,1.0714022724791328,1,1,0,0,1,0,0,0,0,0,0,0,1,0,1,1,1,1,0,1,1,0,1,1,0,0,1,1,0,0,1,0,1,0,0,1,1,1,0,18
300,0.389423575932773,0.34861726046724434,0,1,0,0,0,1,0,1,0,1,0,1,0,0,0,0,1,0,0,1,0,0,0,1,0,0,1,1,1,1,0,0,1,1,1,0,1,0,0,52
424,-1.0875529761369602,-1.2293807792102953,0,2,1,1,1,0,0,0,0,0,0,0,0,0,1,1,0,1,0,0,0,0,1,0,0,0,1,0,0,0,1,1,1,0,0,0,1,1,0,58
326,0.9930610896293706,1.1582250619783128,1,1,1,1,0,0,0,1,1,1,1,1,1,0,1,1,1,1,0,1,0,0,0,0,0,0,1,1,1,0,1,1,0,1,1,0,0,0,0,47
144,1.6427124637615385,0.37677096686611394,2,1,0,0,1,0,0,0,1,1,1,0,0,1,1,0,1,1,1,0,0,1,1,0,0,1,1,0,1,1,1,0,1,1,1,1,1,1,1,39
423,0.8846356971484614,0.751984614084228,1,1,0,0,0,1,1,1,1,0,1,1,0,0,0,1,1,0,0,1,1,1,1,0,1,1,0,1,0,1,1,0,0,1,0,1,1,0,0,13
580,-1.585914053023608,0.5035550077054683,2,1,0,1,0,0,0,1,1,1,0,0,1,0,0,1,0,0,1,1,1,1,1,0,1,0,1,0,0,1,0,0,0,0,1,1,1,0,0,4
135,-0.7901246693086338,-0.6717803818381474,2,0,1,1,0,0,0,1,0,1,0,1,0,1,1,1,1,1,0,1,1,0,1,1,1,0,0,0,1,0,1,0,0,1,0,0,1,1,0,40
450,0.4905528845768683,-0.13340015239467914,2,0,0,1,1,0,1,0,0,1,0,1,1,1,0,1,1,1,1,1,0,0,0,0,1,0,0,1,1,0,1,1,1,0,1,1,1,0,1,32
164,1.1302252150465513,1.0049370800279092,2,1,1,0,1,0,0,0,0,0,1,0,0,1,0,1,1,0,0,1,1,1,1,1,1,1,1,1,1,0,0,1,0,1,1,1,0,0,1,17
28,-1.5335219013663794,1.441118472047634,0,0,0,0,1,0,0,0,1,0,0,1,0,1,1,1,1,1,1,1,0,1,1,0,0,1,0,0,0,1,1,0,0,1,1,1,0,0,1,14
773,-1.558861144704118,0.6570703276082764,1,0,0,0,1,0,0,0,1,0,0,1,0,0,1,1,1,0,0,0,1,0,0,1,0,1,1,1,0,0,0,0,0,1,1,0,1,0,0,69
193,1.1578173457319147,-0.6814581746034409,0,0,0,1,0,0,0,0,1,1,1,1,0,0,1,0,0,0,0,0,1,1,1,0,0,1,1,0,1,1,1,1,0,1,0,0,0,1,1,12
388,-0.43950377831234416,0.44005539640233565,2,0,0,1,0,0,0,0,0,1,1,0,1,1,1,1,0,0,1,1,0,0,0,0,0,0,0,1,1,0,1,1,1,0,1,1,0,0,1,32
852,-0.7221806059936855,0.37468065987968213,0,2,0,0,0,0,0,1,1,1,1,1,1,0,0,1,0,1,0,1,1,1,1,1,1,1,0,0,0,0,0,0,0,1,0,0,0,0,0,14
169,0.7163915081368064,-0.1101593789252554,0,2,1,1,0,1,0,0,1,1,0,1,1,0,1,1,0,0,1,1,0,1,1,1,1,0,0,1,1,0,0,0,0,1,1,0,0,0,1,60
705,0.7251324139512219,-1.1579065181825794,2,1,1,0,0,1,1,0,0,0,0,1,1,0,0,1,0,0,1,1,0,0,1,0,1,1,0,0,1,0,1,1,0,1,0,1,0,1,0,40
140,1.224574626641802,0.7198050018172903,2,1,0,0,0,0,0,1,1,1,0,1,1,0,1,1,0,1,1,1,1,0,1,1,1,0,1,0,1,0,0,1,0,0,0,1,0,1,1,35
173,1.5658706295880767,1.2430139564893028,2,0,0,0,0,0,0,1,0,1,0,1,1,1,1,1,0,1,0,0,1,0,1,0,1,1,0,0,0,1,0,1,1,1,1,1,1,0,0,65
6,-0.10171739342413398,-1.2705231009517906,1,1,0,0,0,0,0,1,1,1,1,0,0,1,0,1,0,0,0,0,0,0,1,1,1,1,0,1,0,0,1,0,1,1,0,0,1,1,1,50
745,0.17213659263404346,-1.3379678649476354,1,1,0,0,1,0,0,1,0,1,0,0,1,0,1,1,0,1,0,0,0,0,1,1,1,0,0,0,1,1,0,0,1,0,1,0,0,0,1,72
478,-1.167919752801366,0.7911232872706333,0,0,1,1,0,0,1,0,1,0,0,1,1,1,0,0,1,0,1,0,1,0,0,0,1,0,1,0,0,1,0,0,1,0,1,1,1,1,1,11
73,-0.5857136542010679,0.6387492853142145,2,1,0,1,1,1,0,0,0,0,1,0,1,0,0,0,0,1,1,1,0,1,0,1,1,1,0,1,0,0,0,1,1,1,1,1,0,1,1,37
910,-0.2143876538126603,-0.8201914961298108,2,2,0,0,0,1,0,0,1,0,1,1,1,1,1,0,0,1,1,0,1,1,0,0,1,0,0,1,1,1,1,1,0,1,1,0,1,0,0,13
813,-0.9485109618347182,-0.6939849989279472,0,2,1,1,0,0,0,0,1,1,1,0,0,0,0,0,0,0,0,0,1,1,1,0,0,0,0,0,1,1,0,1,1,1,1,0,1,1,0,11
238,-0.749244904887806,-0.587781332118883,1,0,0,1,0,1,0,1,0,0,1,1,0,0,0,0,0,1,0,0,0,1,1,1,1,1,0,1,1,0,0,0,1,0,0,1,1,1,0,40
145,-0.7332108118088195,-0.5045221965716236,0,1,1,1,0,0,0,0,0,0,1,0,1,0,0,0,0,0,0,0,0,1,0,1,0,0,0,1,1,0,0,0,0,0,0,1,0,0,0,5
792,-1.4650388211856153,1.744005388926726,0,0,0,1,1,0,0,1,1,0,1,0,1,1,0,0,1,0,1,1,0,1,0,1,0,1,1,0,1,1,0,1,0,0,1,1,0,1,0,41
234,-1.6476510262364554,1.4015356179886032,2,2,0,0,1,0,0,0,0,0,0,1,0,0,1,1,1,1,1,1,1,0,1,0,1,1,0,1,0,0,0,0,1,0,0,1,1,1,1,22
220,1.2258506352148035,1.06705419888936,0,1,0,0,0,0,0,1,1,1,0,0,0,1,0,1,1,0,1,0,1,0,1,0,0,0,1,1,0,0,0,1,0,0,0,0,1,0,0,31
923,-0.6648329868005024,-0.6583519257459952,2,0,1,0,0,0,1,1,1,0,1,1,0,1,1,1,1,1,0,0,1,0,1,0,0,0,0,0,0,0,0,0,0,1,0,0,0,0,1,24
500,-0.37064816566970965,-0.07699766977658339,2,1,1,0,0,0,0,1,1,0,1,0,1,1,1,1,1,0,1,1,1,0,1,1,0,0,1,0,0,1,0,0,1,0,1,1,0,1,0,72
132,1.514998532501028,-1.4297693517636587,0,2,0,0,1,0,0,0,1,0,0,0,0,1,1,1,1,0,1,0,0,1,1,1,0,0,1,0,0,1,0,1,1,0,1,0,0,0,1,67
990,0.9498572859123441,1.194421448571135,1,1,1,1,0,0,1,0,0,1,0,1,0,1,1,0,0,1,0,0,1,0,1,1,1,0,1,1,1,1,0,0,1,0,0,1,0,1,1,51
774,0.8250704289747024,-0.7144468165425277,1,1,0,1,0,0,0,0,0,1,1,0,0,1,1,0,0,0,1,0,1,1,0,1,0,1,0,0,1,1,1,1,1,1,0,1,0,1,0,26
185,-1.6220595071135104,0.5716081955066928,0,1,1,0,1,0,0,0,0,1,1,0,1,1,0,1,1,0,0,0,1,1,0,1,0,0,1,1,1,0,1,1,1,1,0,0,1,1,0,58
41,-0.893301345671149,0.9284025715384869,2,1,0,0,0,1,1,0,1,1,0,1,0,1,0,1,1,0,1,0,1,1,0,0,1,0,1,1,1,0,0,0,0,0,0,1,0,0,0,20
696,1.2554565686091514,-0.8809913972328223,2,0,0,0,1,0,1,1,0,0,0,0,0,1,0,0,1,1,1,1,1,1,0,0,0,0,1,1,0,0,1,0,1,0,0,1,0,1,1,54
108,0.6006486206702072,0.6561626561560526,1,0,0,0,0,0,0,1,0,1,0,0,1,0,0,0,0,1,0,1,0,1,0,1,0,0,1,0,1,1,0,0,1,1,1,1,0,1,0,65
588,0.7049886915740656,-1.5426219335273876,0,1,0,0,1,0,0,0,1,1,1,0,1,1,1,1,1,1,1,0,1,1,0,0,0,1,0,1,1,0,1,1,1,0,0,0,1,1,0,26
56,-0.6426453412773229,0.8749214142557337,1,2,0,0,0,1,0,0,0,0,0,1,0,0,0,1,0,1,0,0,1,1,1,1,1,0,0,0,1,0,0,0,1,1,0,0,1,0,1,22
405,-1.3563471593441376,-0.8786348064106038,2,2,1,0,1,0,0,0,0,1,0,0,1,1,1,0,0,1,1,1,0,1,0,1,0,0,0,1,0,0,1,0,1,0,1,0,1,1,0,53
442,-1.7807784846616916,0.04985392143002753,2,1,0,0,0,1,1,1,0,0,0,1,0,0,1,0,0,1,1,0,0,0,1,0,1,1,1,0,0,1,0,1,1,1,0,0,0,1,0,20
757,-1.7849182735397688,-0.8297377217121408,0,0,1,0,0,0,1,0,1,1,1,0,1,1,0,0,1,0,1,1,1,0,1,1,0,0,0,0,0,0,1,1,0,0,0,0,0,1,1,66
997,-1.5363770604547458,0.8516794981432817,2,0,0,0,0,1,0,1,1,1,1,1,0,0,1,0,0,1,1,1,1,0,1,0,0,0,0,0,0,1,0,1,1,1,1,1,1,1,0,9
24,0.0879216414592546,1.212412737530112,2,1,0,0,0,0,1,0,1,1,1,1,0,1,1,0,1,0,0,0,0,0,0,1,0,0,1,1,1,1,1,0,1,0,0,0,0,1,0,0
467,0.7418659705125582,0.13457759887002865,1,2,1,1,0,1,0,0,0,0,0,0,0,0,1,1,1,0,1,1,1,1,0,0,1,1,0,0,1,1,1,1,0,1,0,0,1,0,1,71
539,1.1102410683571124,-1.2344678067678476,1,2,1,0,0,0,1,0,1,1,0,1,1,1,0,1,0,1,0,1,0,0,1,0,1,1,0,0,0,1,1,0,1,1,0,0,1,1,0,74
531,0.14081287447107213,1.536388994291207,1,2,0,0,1,0,0,0,1,1,0,1,1,0,1,1,0,1,1,0,1,1,0,1,1,0,1,0,1,1,1,1,1,0,1,1,0,1,1,21
618,0.9040667746824195,-0.06537008631120218,2,1,1,1,0,0,1,0,1,0,1,1,1,1,1,1,0,1,0,1,0,0,1,1,1,1,1,1,0,1,0,1,0,0,1,0,1,1,0,57
694,1.1575733193061704,-0.8320273959018915,2,1,0,1,1,0,1,0,1,0,1,1,1,1,1,0,0,1,0,1,0,1,0,1,0,0,1,0,0,0,0,0,0,0,1,1,1,1,0,70
926,0.43825202387387535,-0.49974499811147954,1,1,0,1,1,0,0,1,0,1,1,1,0,0,0,1,0,1,0,0,0,0,1,0,1,0,0,1,1,1,1,1,0,0,0,1,1,0,1,8
338,0.18134036286429528,1.357520048337331,1,2,0,0,1,1,0,1,0,0,0,1,1,0,0,1,0,1,1,0,1,1,0,0,1,0,0,1,0,0,0,1,1,0,0,0,0,1,0,62
51,-1.2708307469463345,0.8302387427188683,0,0,1,0,0,0,0,0,1,0,0,1,1,0,1,1,1,0,0,1,0,1,0,1,0,1,0,1,1,0,0,0,1,0,0,0,0,0,1,27
507,0.1301000488165896,0.3765251161762439,0,1,1,0,0,0,0,0,0,1,1,0,1,1,0,1,1,0,1,0,1,0,1,0,1,1,1,0,0,0,1,0,1,0,0,0,1,0,0,31
516,1.1133457338727635,-0.7055597231507204,2,1,0,1,0,0,0,0,1,0,0,0,1,1,1,1,1,0,0,1,1,0,0,0,0,0,0,0,1,0,1,1,0,0,1,1,1,0,1,45
920,0.29466586507988246,0.2718263582455571,1,2,1,0,1,1,0,0,1,0,0,1,0,0,0,0,1,0,1,0,0,1,1,0,1,1,1,1,0,1,1,1,1,0,0,1,1,0,0,63
781,-1.3932030271337539,-1.4986871746637247,0,0,0,1,0,0,1,0,1,0,1,0,1,1,1,0,1,0,0,0,0,0,1,1,0,0,1,0,1,1,0,0,0,1,1,1,1,0,1,28
264,1.258411571368443,-0.07127025321498823,1,2,0,0,0,1,1,1,0,1,1,0,0,0,1,0,0,1,1,1,0,1,1,1,0,0,0,1,0,1,0,0,0,1,0,0,1,1,1,42
817,-1.7298347267687835,-0.046507219976834144,0,0,0,0,0,1,1,0,1,0,0,1,0,1,0,0,0,1,1,1,0,0,1,0,0,0,0,1,1,1,1,0,1,0,1,1,1,1,0,56
710,1.1369068634963473,-0.9579700193805744,1,0,0,0,0,1,1,0,0,1,1,1,0,0,0,1,0,1,1,0,0,0,0,1,1,0,0,1,1,0,0,1,1,1,1,1,0,0,1,43
682,0.6196268543625746,1.2585868942902838,0,0,1,0,0,0,1,1,1,0,0,1,0,1,1,0,0,1,0,0,0,1,0,0,1,0,1,1,0,1,0,1,1,0,0,1,1,0,0,38
832,0.6760019787823667,-0.31988515020312247,1,2,0,1,1,0,1,0,1,0,0,0,0,0,1,0,1,0,0,1,1,1,1,0,1,1,1,0,1,0,1,1,0,1,1,0,1,1,1,2
518,0.4930589088527988,-1.2890689750652289,0,1,0,1,1,0,1,0,0,1,1,1,0,1,1,0,1,1,0,1,0,0,0,0,0,1,0,0,1,1,1,0,1,0,0,0,0,0,1,26
447,0.7043779356166535,-0.37233481769878723,1,1,0,0,1,1,0,0,0,1,0,1,0,0,1,0,1,0,0,0,0,0,1,1,0,1,1,0,1,1,0,1,1,1,0,1,1,1,1,52
18,1.3772151179811793,0.1863527613055223,0,2,1,0,0,0,0,0,0,0,1,1,1,0,0,1,1,0,1,1,1,1,1,0,1,1,0,1,1,0,0,0,0,1,0,1,0,0,0,25
715,-0.5807465808047076,1.38231381771274,2,0,0,0,0,0,1,0,0,0,0,0,0,0,0,1,0,0,0,1,1,1,1,0,1,0,1,1,1,1,0,1,1,1,1,1,1,0,1,33
483,-0.7966472900708661,-0.9743680702744795,2,1,1,0,0,0,0,0,1,0,0,0,0,1,1,0,1,1,1,1,1,0,1,1,0,0,1,1,1,1,1,0,0,1,1,0,1,1,0,53
568,-1.7039204746979681,-0.8502863897989085,2,2,1,0,0,0,0,0,1,1,1,1,1,0,1,0,1,1,0,1,1,1,1,0,1,0,1,1,1,1,1,0,0,0,1,0,0,1,1,49
433,-1.344435475709771,0.9363066174463771,1,2,1,1,1,0,0,0,0,1,0,0,1,0,1,1,0,0,1,1,1,0,1,0,1,0,1,0,1,1,0,1,1,1,1,1,1,0,0,36
367,-0.004207684511878354,-0.5037700686018716,0,2,1,0,0,1,0,0,0,0,0,0,1,1,1,0,0,0,0,1,1,0,0,1,1,0,1,1,1,0,1,1,0,1,1,0,1,0,0,34
83,1.5994450724552076,0.5862923394705212,2,2,1,1,0,0,0,0,1,0,0,1,0,0,0,1,1,0,0,0,1,0,1,1,1,1,0,1,1,1,0,0,1,0,0,0,0,0,0,47
61,-1.2917786595495677,-1.5356739245585544,0,0,0,1,0,1,1,0,0,0,0,0,1,0,1,0,1,0,1,1,0,0,1,0,1,0,0,1,0,1,1,0,0,0,1,1,1,1,1,56
638,0.22698976405455054,1.027874659411122,2,2,1,0,0,0,1,0,1,0,1,1,0,0,1,1,1,0,1,1,1,1,0,0,0,1,0,1,1,1,1,1,1,1,0,1,1,0,1,68
272,1.256715638105962,0.8263455946870033,1,2,0,1,0,1,1,0,0,0,0,0,0,1,1,1,1,1,0,1,0,1,0,0,0,0,0,1,0,0,0,0,1,0,0,0,1,1,0,42
285,0.2776378954357798,-0.8210908714175272,2,0,0,0,1,1,1,0,0,0,0,0,0,1,0,0,0,0,0,0,1,1,1,1,0,0,1,1,1,1,1,0,0,0,0,1,1,0,1,54
360,0.03815183689637204,-1.3401917363418199,1,0,1,0,1,1,0,0,0,0,0,0,0,1,1,1,0,0,1,1,0,1,0,0,1,1,0,1,0,1,1,0,0,1,0,0,0,1,0,16
354,0.12637035976808692,0.20859929130976057,0,0,0,0,0,1,0,0,0,1,1,1,0,1,1,1,1,0,1,1,1,0,1,1,1,0,0,1,1,1,1,0,1,1,1,0,1,0,1,13
456,-1.67277173494133,-0.6516835762578084,2,1,0,0,1,0,1,0,1,0,1,0,1,0,1,0,0,0,1,0,0,0,0,1,0,1,0,1,0,1,0,0,1,0,1,0,1,0,0,69
278,-0.9877788914452785,-0.0007508864833008845,0,0,0,0,1,0,0,0,0,1,0,1,1,0,1,0,1,0,1,0,0,1,1,0,0,0,0,1,1,0,0,1,0,1,0,1,0,0,1,5
12,0.5414249131638975,0.21405331852430123,1,1,0,0,1,0,0,0,1,1,1,0,1,1,1,1,1,0,0,0,0,1,1,0,0,1,1,0,1,0,1,0,0,0,0,1,1,0,1,31
182,1.579873100167355,0.43209419913895003,0,0,0,0,1,0,0,1,0,0,0,0,0,0,0,1,0,1,0,0,1,1,1,1,1,0,1,1,0,1,1,0,1,1,0,1,0,0,1,38
368,-1.366022385849784,0.730441779348613,2,1,0,0,1,0,1,1,1,1,1,1,1,1,0,0,0,0,0,0,1,1,0,0,0,0,1,0,0,0,0,1,0,1,1,1,1,1,1,49
881,0.5427114903112986,-0.9560388758465439,0,0,0,1,0,0,0,0,0,1,0,1,0,1,0,0,1,1,1,0,0,1,1,1,1,0,0,0,1,0,0,1,1,0,0,1,0,1,1,5
615,0.21691037764957113,1.7566677364756043,0,1,0,0,0,0,0,1,0,0,0,0,0,1,1,1,1,1,0,0,0,1,0,0,1,1,0,1,1,0,1,0,1,0,0,1,1,1,1,38
223,-1.039095661300192,-0.6199909795739911,1,2,0,0,0,1,0,1,1,0,1,1,1,0,1,1,0,1,0,1,0,1,1,0,0,1,1,0,1,1,1,1,0,0,0,1,1,1,1,61
572,0.3624910417185517,0.7854126262727712,1,1,0,1,0,1,0,0,0,1,0,1,1,0,0,1,0,0,0,0,1,1,1,0,0,0,1,0,0,1,0,0,0,0,0,0,0,0,0,4
970,0.37092120208846663,1.7177545864556176,2,2,0,1,0,1,0,0,1,1,0,0,1,1,1,0,1,0,0,1,0,0,0,1,1,0,0,1,0,0,0,1,1,0,1,1,1,1,1,6
653,1.2263376018517014,-1.347278206759955,0,2,0,0,0,0,0,1,1,1,0,0,0,0,0,0,1,1,0,0,0,0,1,1,0,1,1,1,0,1,0,0,1,1,0,1,0,1,1,15
545,-1.3255798668375904,-1.184174085819463,0,1,0,1,0,0,0,0,0,0,1,1,0,1,1,1,0,0,0,1,1,1,0,0,1,0,1,0,1,1,1,0,0,1,1,0,0,1,1,5
582,-1.334651334173506,-0.3010340175643887,0,0,0,0,1,1,0,0,0,0,0,1,0,0,1,1,0,1,1,1,1,1,1,0,0,1,0,1,0,0,0,1,1,0,1,0,1,1,1,56
633,-1.396617224664993,-1.0092754787151315,0,1,1,0,0,0,0,0,0,0,0,0,1,0,1,0,1,1,0,1,0,1,1,1,0,1,0,1,1,0,0,1,1,0,1,0,1,1,0,56
176,0.9521853667096791,-0.15102910828920305,1,2,1,0,0,0,0,1,1,0,0,0,0,0,0,0,0,1,1,1,1,0,0,0,1,0,0,1,0,1,1,0,0,1,1,0,0,0,0,48
665,-1.3018078060832807,0.5922855981739593,2,1,1,1,0,1,0,0,1,0,1,0,0,1,0,1,1,1,1,1,1,0,1,1,1,1,1,0,0,1,1,0,1,1,1,1,1,0,0,22
673,0.6351728652329212,-0.8798469682247427,0,1,1,0,1,0,0,0,1,0,1,0,0,0,1,0,0,0,1,1,0,0,1,0,0,1,1,0,0,0,1,0,0,1,0,1,0,0,1,67
585,0.6147393779885909,-1.5622264424013663,0,0,0,1,0,0,0,1,1,1,0,0,0,0,0,0,1,1,1,0,0,1,0,1,1,0,1,1,0,0,1,0,0,1,0,1,1,1,0,3
873,-0.31077846383893876,-1.6023314075079558,1,0,0,0,0,0,1,0,1,1,1,1,0,1,0,0,1,1,1,0,1,0,1,1,1,0,0,1,0,1,0,1,1,1,1,0,0,1,1,43
393,1.724351598926491,0.19223441547184272,2,1,0,0,1,0,1,0,1,0,0,0,0,1,0,0,1,1,1,1,1,0,1,0,1,0,0,1,0,1,0,1,0,1,0,0,1,0,1,63
163,0.23862564703995462,0.011541888061265123,1,2,0,0,0,0,1,0,1,0,0,1,0,1,1,1,1,1,1,0,1,1,0,0,1,0,0,0,1,1,0,1,1,0,1,1,1,0,1,68
248,-0.29279703264108153,1.4298819605591717,0,1,0,0,1,0,0,0,0,1,1,1,1,1,1,1,1,1,0,1,1,1,0,0,1,1,0,0,1,1,0,0,0,1,1,0,0,1,1,14
634,-1.0435167210430552,-1.3134402641835061,1,2,1,0,0,0,0,1,0,1,0,0,0,1,0,0,0,1,0,0,1,0,0,0,0,0,1,0,1,0,0,1,0,1,0,0,0,0,0,5
885,0.2752183768984538,-0.8685314415305727,0,0,1,0,0,1,0,1,1,0,1,1,0,0,1,1,1,1,0,1,0,0,0,0,1,0,0,0,1,1,0,1,0,1,0,1,1,0,1,8
669,1.1630017892608115,-0.5876864447373293,1,0,1,0,0,0,0,1,0,0,0,1,1,1,1,0,0,0,0,0,1,0,1,1,0,1,1,0,1,1,0,1,0,1,0,0,1,0,0,52
375,-0.8926400758423935,0.3048017493663334,2,0,1,0,1,0,0,0,0,1,0,0,0,1,1,0,0,0,0,0,0,0,0,1,1,1,0,0,0,1,0,1,0,0,0,1,1,1,1,52
412,-1.0698588829484517,0.473442657523553,1,1,1,0,0,0,0,0,1,1,0,1,0,1,0,0,0,1,0,1,0,0,1,0,0,0,1,0,0,1,1,0,0,0,0,0,1,1,0,11
74,-1.206825650024436,-0.9144763975421426,0,1,1,0,0,1,0,1,0,1,1,0,0,1,0,1,0,1,1,0,1,0,1,1,0,0,1,1,0,1,1,0,1,1,0,0,0,0,1,50
113,0.385813507489327,-1.5891602093318713,2,0,0,0,0,1,0,0,1,0,0,1,1,1,1,0,0,1,1,1,1,0,1,0,1,0,1,1,0,1,1,1,0,1,1,1,1,0,1,9
598,-1.1182049733253807,-1.5362826556292861,2,1,0,0,1,0,0,0,1,0,0,1,0,0,0,0,1,0,0,0,0,0,1,0,1,1,0,0,1,0,0,0,1,1,0,1,0,0,1,46
961,-0.07922695824440473,-1.0426796778388845,2,2,0,0,0,0,0,1,0,1,0,0,0,0,0,1,0,0,1,1,0,1,1,0,1,0,1,0,1,0,1,0,1,0,1,1,1,0,0,63
390,-0.6553452350618452,-0.8019590902877949,2,1,0,0,0,0,1,1,1,0,0,1,0,0,1,0,0,0,1,1,0,1,0,1,1,1,1,0,1,0,1,1,0,1,0,1,1,1,1,40
104,0.27300565991926456,-1.2661339594272976,0,0,1,0,0,0,1,1,0,0,1,0,1,0,0,0,1,1,1,0,1,0,0,1,0,1,1,1,0,0,1,0,0,0,0,1,0,0,1,72
114,-0.041221523131618226,-0.5986424229593003,2,2,0,0,0,1,0,1,0,0,1,0,0,1,0,1,0,1,1,1,0,1,1,1,1,0,1,0,0,0,0,1,1,0,1,0,1,1,1,22
417,-0.27697356733559314,-1.2539067764333682,0,2,0,1,1,0,1,0,0,1,1,1,0,1,1,1,1,0,0,0,0,0,1,1,1,0,0,0,0,1,0,1,1,1,0,1,1,0,1,1
525,0.9929956036109608,-1.5723036417162555,1,1,0,0,0,1,0,0,1,0,0,1,1,1,0,0,1,1,0,1,1,0,0,0,0,0,0,0,0,0,1,0,1,1,0,0,1,0,1,24
457,-0.31210090563927945,0.898015506927686,0,2,0,1,0,0,0,0,1,1,1,1,1,0,0,1,1,0,0,1,1,1,1,1,0,1,1,1,0,0,0,1,0,0,0,1,1,1,1,18
409,-0.552160328911302,1.1552105104147266,2,1,0,1,1,0,0,1,0,1,0,1,0,0,0,0,0,1,0,0,0,0,1,1,1,0,1,0,1,0,1,1,0,0,0,0,1,0,1,8
92,-1.4980355838189185,1.2520831718165408,1,2,0,1,0,1,0,0,0,1,1,0,1,1,1,1,0,0,1,1,0,1,1,1,0,0,1,0,0,1,0,1,0,0,1,1,1,1,1,22
930,-1.5073641415128225,0.5910483654274953,1,0,1,1,0,0,1,0,1,0,1,0,1,1,1,1,1,0,0,1,0,0,0,1,0,0,1,1,0,1,1,0,0,0,0,0,0,1,1,58
89,-1.020947686984087,0.08174909239927647,0,0,0,0,1,1,1,0,1,0,0,1,0,1,1,0,0,1,0,0,1,0,1,0,1,1,1,1,0,1,1,1,0,1,0,0,1,1,1,13
336,-0.8395555064190817,1.6965901778072732,2,0,1,0,1,0,0,0,0,1,0,0,0,0,1,1,0,1,1,1,1,1,0,1,0,1,1,1,0,1,0,0,0,0,0,0,0,1,0,33
988,0.40503121724901675,1.2071887368398069,0,2,1,0,0,0,0,0,1,1,0,1,0,1,0,1,0,0,0,0,0,0,1,1,0,0,1,0,1,1,0,0,1,1,0,0,1,0,1,30
921,1.7239568626726642,-0.7879596871611805,1,2,0,0,0,1,0,0,1,1,0,1,1,0,0,0,0,0,1,1,0,1,1,1,0,1,1,1,0,1,0,1,1,0,0,0,1,0,0,42
933,-0.5613032221958685,-0.65081149957622,1,0,1,0,0,0,0,1,0,1,1,0,1,0,1,1,0,0,0,0,0,0,1,1,0,1,0,0,0,1,1,0,1,0,1,1,0,0,1,72
605,1.2553180224273455,0.05062741394379466,2,1,1,0,0,0,0,1,1,0,0,0,1,1,0,1,1,1,1,1,0,0,0,0,1,0,1,1,0,0,1,1,1,0,1,0,0,1,1,48
593,1.0483520348872317,1.2702243678591865,0,1,1,0,0,0,1,0,0,0,1,0,1,0,1,1,0,1,0,1,0,1,1,1,0,1,1,0,1,1,1,1,0,1,1,0,0,1,1,64
611,-0.5456335687907631,-0.7956928551251193,1,1,1,0,0,0,1,0,1,1,1,1,0,1,0,1,0,1,0,1,1,0,0,0,0,0,1,1,1,1,1,1,0,0,0,1,1,0,1,8
94,0.3211840720347696,-0.47062283933291854,0,2,0,0,1,1,0,1,0,0,1,1,0,0,1,1,1,0,1,0,1,1,1,0,0,0,0,0,0,0,0,1,1,0,1,1,1,0,0,61
11,1.223008960844514,-1.2738932353441248,2,2,1,0,0,0,0,0,0,1,0,0,1,1,0,0,1,0,1,0,0,1,1,1,0,1,0,0,1,1,0,1,0,0,1,0,1,0,0,74
396,-1.3262214282322342,-1.3006679636487777,2,0,0,0,0,1,1,1,1,1,1,1,0,0,0,1,0,1,1,1,1,0,1,0,1,0,0,0,0,1,1,0,0,0,1,1,0,0,0,9
533,1.0126590429959557,-0.9006059786491255,0,2,1,0,0,0,1,1,1,0,0,0,1,0,1,1,1,1,0,1,1,1,0,0,1,0,1,0,1,0,0,0,1,1,1,0,0,1,1,70
43,-0.22960952259188297,1.2203619418427223,2,0,1,0,0,0,0,1,0,1,0,1,1,1,0,0,1,0,1,1,1,0,1,0,1,1,1,0,0,0,1,1,1,0,1,1,0,0,0,33
42,0.9029924399518275,0.4245797176873451,1,0,1,1,0,0,0,0,1,1,0,1,0,0,1,0,1,0,1,1,0,0,0,1,1,0,1,0,1,1,1,1,1,0,1,1,0,1,0,47
329,-0.9417277278563642,-0.3045397039872222,0,0,1,1,0,0,0,0,0,0,0,0,1,0,0,0,0,0,1,1,0,1,0,1,0,1,1,1,1,0,1,1,0,0,0,1,0,0,1,5
167,1.6148664328619406,-1.407262289546944,2,1,0,1,0,1,0,0,1,0,0,0,1,1,0,1,1,1,0,1,0,1,0,0,1,0,0,0,1,0,0,1,0,0,1,1,0,0,1,45
497,-0.962464180900151,-1.1448359013991052,1,0,0,1,0,0,0,0,0,0,1,1,0,0,1,1,0,1,0,1,1,1,1,1,0,1,0,1,0,0,0,0,0,0,1,1,1,1,0,56
876,0.949952960867812,1.5087915534041934,2,2,0,0,0,0,0,1,1,0,0,1,0,1,0,0,1,0,0,0,0,0,1,0,1,1,0,0,0,0,0,1,1,1,0,1,0,1,0,35
597,0.6857159371560443,-0.21327476969030765,0,2,0,0,1,1,1,0,1,0,1,0,0,0,0,0,0,0,0,1,1,0,1,0,1,1,1,1,1,1,1,0,0,1,1,1,1,0,1,61
756,0.6644132433816454,-1.6493134512972483,2,1,1,0,0,0,0,1,0,0,0,0,1,0,0,1,0,0,1,0,1,1,1,1,0,1,1,1,0,0,1,0,1,1,0,0,0,1,0,72
100,-0.1878758369309982,1.1101657362624224,2,1,0,1,1,0,0,0,1,1,0,0,0,0,0,1,0,0,0,0,0,1,1,1,0,1,1,1,1,1,0,1,1,1,1,0,1,1,0,33
426,-1.0082691847770069,0.08964469811202533,1,2,0,1,1,0,0,1,1,0,0,0,1,1,1,0,1,1,0,0,0,1,0,1,0,1,1,0,0,1,1,1,0,0,0,0,0,0,0,23
178,-0.45467988907870316,-1.631963137066892,2,1,1,0,0,0,0,1,1,1,1,1,0,1,1,1,1,1,0,1,1,0,0,1,0,0,0,1,0,1,0,0,1,1,0,0,1,1,1,50
444,-1.2188872312723713,-0.9684942321705539,2,1,0,1,0,1,0,1,1,0,0,1,1,0,1,0,1,1,1,0,0,0,1,1,0,1,1,1,0,1,1,0,0,0,1,1,0,0,1,72
416,-0.2924579477600426,0.19801418236780646,2,1,0,1,0,1,0,1,1,0,1,0,1,0,0,1,0,0,0,1,0,1,1,0,0,0,0,1,1,1,0,0,0,1,0,0,0,0,1,46
870,0.7566443212385261,0.19979711837964706,1,0,1,1,0,0,0,0,0,0,0,1,1,0,1,1,0,0,0,1,0,1,1,1,0,0,0,1,0,0,1,0,1,0,0,0,0,0,0,27
882,0.5924087631395052,0.7210979360108695,1,0,0,0,1,1,1,0,1,1,1,1,1,1,0,1,1,0,1,0,0,1,1,1,0,1,0,1,0,1,1,1,1,0,0,0,0,0,0,0
680,-1.2854413117679913,1.2974308135856192,2,2,1,1,0,0,0,1,0,0,1,1,1,1,0,1,0,1,0,0,0,0,1,1,0,0,0,0,1,0,1,0,0,1,0,0,0,1,0,62
177,-0.86278328559181,0.2370042255421627,0,2,1,0,0,0,0,1,0,1,0,1,1,0,0,0,0,0,0,1,1,1,1,0,1,1,0,1,1,1,0,0,0,0,1,0,0,0,0,13
395,1.4435667026341588,1.1549406546192216,0,2,0,1,0,0,0,0,1,0,1,0,0,0,1,1,1,0,0,1,1,0,1,1,0,1,1,0,1,0,1,1,1,0,1,0,1,0,0,2
911,1.0668092182902627,-0.10724155833533565,0,1,0,1,1,0,0,1,1,0,0,0,1,1,1,0,1,1,0,0,1,1,0,0,1,1,1,1,1,1,0,0,1,0,1,1,1,0,0,15
793,0.885425512156211,0.16430668353537753,1,0,0,1,0,0,0,0,1,1,1,0,1,0,0,0,1,1,1,1,1,0,0,1,1,1,0,1,0,1,1,0,1,0,1,0,0,0,0,48
960,-0.5877399043421228,1.6729000383624069,1,2,0,1,1,0,0,0,1,1,0,1,1,0,0,0,1,0,0,1,1,0,1,0,0,0,1,0,0,1,1,1,1,1,1,0,1,1,0,4
684,-1.1832759207612005,-0.32508025834828536,0,2,0,1,0,0,0,1,1,1,0,0,0,1,1,0,1,1,0,0,1,0,1,0,0,0,0,0,0,1,1,0,1,0,0,1,0,1,1,15
383,1.2533411999430433,-0.060147084233291626,2,1,1,0,0,0,1,1,1,1,1,0,1,1,0,0,1,0,1,0,0,1,0,0,1,1,0,0,1,1,0,0,0,0,0,1,1,1,0,44
956,0.966508143379003,1.5396997400522008,1,2,1,0,1,0,0,0,0,1,1,1,0,0,1,1,1,1,0,0,0,1,0,0,1,1,0,1,0,0,1,1,1,1,0,1,0,1,0,51
751,-0.5633727839205278,-0.6879427794110561,0,2,0,0,0,1,0,0,1,0,1,1,0,0,0,1,0,0,1,1,1,1,1,0,0,1,0,0,1,1,0,0,1,0,0,1,1,0,1,61
257,0.5822179859174968,-0.8919915256450767,1,1,1,0,0,0,0,1,1,1,1,0,1,0,1,0,0,0,0,0,0,1,1,1,0,1,0,0,0,1,1,0,0,0,0,1,0,1,0,72
538,1.692970105890135,0.12737221676062066,0,2,0,0,0,1,0,1,0,1,0,1,1,0,1,1,1,1,0,0,1,0,1,1,1,0,1,1,0,1,0,1,0,1,1,1,0,0,0,51
335,1.1392360794368586,1.2456165228279408,0,2,1,1,1,0,0,0,0,1,0,1,0,1,0,1,1,1,0,1,1,0,0,1,0,1,0,0,1,0,1,0,0,1,1,0,1,0,0,59
15,-1.478501785613226,-1.5914112545056343,0,0,0,0,0,1,0,0,1,1,0,0,0,0,1,1,0,1,0,1,0,0,1,1,1,0,1,1,1,0,0,1,1,0,1,1,0,1,0,56
324,1.5351213134437258,-0.6469310454442148,0,2,0,0,0,1,0,1,1,1,0,0,0,1,1,1,1,0,1,1,1,0,0,1,1,1,0,1,0,0,1,0,1,0,1,0,0,1,1,2
758,1.3525340423998955,0.8582977921851985,2,0,0,0,0,0,1,0,1,1,0,0,1,0,0,1,0,0,1,1,1,1,0,1,0,0,0,1,0,1,0,0,0,0,1,1,1,1,1,65
222,-0.35111370203525866,-0.9854958962466692,2,0,1,0,0,0,1,0,1,1,0,1,1,0,0,0,0,1,0,0,0,0,0,1,0,0,0,1,0,1,0,1,1,0,0,1,0,1,1,43
179,-0.23556353447998044,-1.1526044528887496,2,0,1,1,0,0,0,1,0,0,1,1,0,0,1,1,0,1,0,1,0,1,1,0,0,0,1,1,1,1,1,0,1,0,1,0,0,0,1,72
983,-1.0352511270765465,-1.0387443288313136,2,2,0,0,1,1,1,0,1,1,1,0,1,1,1,1,0,0,1,0,1,1,0,0,0,1,0,1,1,0,0,0,0,0,1,0,0,0,0,46
22,-1.6255648194560783,1.43246987418133,2,2,0,1,1,0,1,0,1,0,1,1,0,0,0,0,1,0,1,0,0,0,0,1,0,1,0,0,1,0,1,1,0,1,0,1,0,0,0,36
356,-1.7667724422956947,1.5590754610653947,2,2,0,0,1,0,0,0,0,0,0,0,1,0,1,0,0,1,1,1,0,0,1,1,0,0,0,0,1,1,1,1,1,0,1,1,1,0,1,36
666,-0.11430224631917281,0.2569863155236936,1,0,0,0,0,1,1,0,1,0,0,1,0,0,0,1,1,1,1,1,1,1,0,1,1,0,0,1,1,0,0,0,1,0,1,1,1,1,0,68
861,1.081136056032157,-1.311204447848758,1,0,1,1,0,0,1,0,0,1,0,0,1,0,1,1,1,0,0,1,0,1,1,1,1,1,0,0,1,0,1,1,0,0,0,0,1,0,0,27
340,-0.4895844555340488,-1.5148983698153682,2,1,1,0,0,0,0,1,0,0,0,0,1,0,1,0,1,0,0,1,0,0,0,1,1,0,0,0,0,1,1,0,0,0,0,0,1,0,0,72
431,0.2100072784232345,0.8263966583477098,0,0,1,0,1,0,0,0,0,0,1,0,0,0,0,0,1,1,0,0,0,1,1,1,1,0,0,1,0,1,0,1,0,1,1,0,1,0,0,7
551,0.4220639329658822,-1.5169903571591945,2,1,0,0,0,0,1,0,1,1,1,0,0,0,1,1,1,0,0,1,0,0,1,0,1,1,0,0,1,0,0,0,1,0,1,1,0,1,0,1
833,-0.9098696508288864,1.4406344811078233,1,0,0,0,1,1,0,0,1,1,0,0,0,1,0,0,1,0,0,0,1,1,1,1,0,0,1,0,1,1,1,0,1,0,1,0,1,1,0,11
203,1.1285545387197422,-0.12985433903726643,1,1,0,0,1,1,0,0,0,1,1,1,1,1,1,0,0,1,1,1,1,0,1,1,1,0,0,0,1,1,0,0,1,0,0,1,0,0,0,74
630,0.7022156737945054,1.6116043934198658,0,1,0,1,0,1,1,0,1,1,1,0,0,1,1,0,0,1,1,0,1,1,1,1,0,0,1,0,1,1,1,1,1,0,0,1,1,0,0,41
93,-0.015539887340482271,-0.9632262541267257,0,1,0,1,1,0,0,0,1,1,0,0,1,1,1,1,1,0,0,1,1,0,0,0,0,1,1,0,1,0,0,0,0,0,0,1,1,1,1,26
558,-1.3647967932909555,-1.3178559745589158,1,2,0,0,0,0,1,0,0,0,1,1,0,0,0,0,1,1,0,0,0,0,1,1,0,0,0,0,0,1,1,1,1,1,1,1,1,1,1,10
68,-0.5973959508423772,-0.7670141474639725,1,1,0,0,0,0,1,0,0,1,1,1,0,0,1,0,0,1,1,0,1,1,1,1,1,0,1,0,1,1,1,1,1,1,1,1,1,1,0,34
622,0.5850574878586043,-0.9630973755155933,2,0,0,0,1,1,0,0,1,0,0,0,1,1,0,1,1,1,1,1,0,0,1,0,1,1,1,0,1,0,0,0,0,0,0,1,0,1,1,45
284,-1.5404053704443403,1.533735076230595,0,2,0,0,0,1,1,1,0,1,0,0,1,0,0,0,0,1,1,0,0,0,1,1,0,0,0,0,1,0,1,1,1,1,1,1,0,0,0,55
844,0.8568342499756827,0.3686268795039174,1,1,0,1,0,0,1,1,1,1,1,1,1,1,0,0,0,0,0,1,1,1,1,1,1,1,0,0,0,0,0,1,0,1,0,0,0,1,0,42
434,0.0384657822703437,1.6007018121548693,0,1,0,1,0,0,0,0,0,0,0,0,1,0,0,1,0,1,1,1,1,0,1,1,1,1,1,1,0,0,1,1,1,0,1,1,1,1,0,18
153,0.9006205191421681,-0.26045637272376404,1,0,1,0,0,1,0,1,0,1,0,0,0,1,0,1,1,0,1,0,0,0,0,0,1,0,1,0,0,1,1,1,0,0,0,1,1,0,1,16
75,-1.4752306846222147,-0.7446871907538152,2,2,0,0,0,0,0,1,0,0,0,1,1,1,0,1,0,1,1,0,1,1,0,1,0,0,1,1,0,0,1,0,1,1,1,1,0,0,1,53
730,1.175543076143603,0.6093011660072585,1,0,0,0,1,0,1,0,1,0,0,1,0,1,1,0,0,1,1,0,1,0,1,1,1,0,0,0,1,1,0,0,0,0,1,0,1,0,0,65
446,1.4142379888177439,-1.2458478591859643,0,2,0,1,0,1,0,0,0,0,1,1,0,1,0,1,1,1,1,0,0,0,0,0,0,0,1,1,0,0,1,1,1,0,0,1,1,1,0,25
188,-0.05206267867932015,0.362385196763285,1,0,1,1,0,0,0,1,0,1,1,1,0,1,0,1,0,0,1,0,0,1,0,1,0,1,1,1,1,1,1,0,0,1,1,0,0,0,1,32
271,0.7868841048824924,0.5930944934175166,1,2,0,1,1,0,1,0,0,0,0,1,0,0,0,1,0,0,0,1,1,0,0,0,0,1,1,0,0,0,1,0,1,0,0,0,1,1,1,64
236,0.5003048213183654,-0.7733767583247511,1,0,1,0,0,0,1,0,0,1,1,0,1,1,1,1,1,1,1,1,1,1,0,1,1,1,0,0,1,1,1,1,0,0,1,0,0,0,1,12
487,-0.27970168824538877,0.5302486659673711,0,2,0,1,0,0,0,0,1,0,1,0,0,0,1,1,0,1,1,1,0,0,1,1,0,1,0,1,1,1,0,0,1,1,0,1,0,0,1,61
117,1.1994734600138495,-1.4622369196757503,0,1,0,0,0,0,0,1,1,1,0,0,1,1,0,1,1,0,0,0,0,1,0,1,0,1,0,1,0,1,0,0,0,0,1,0,1,1,1,2
943,0.3269275246493882,-0.516987442999155,2,2,1,0,0,1,0,1,0,0,1,1,0,0,0,1,0,0,0,1,0,1,0,1,0,0,1,0,0,1,1,1,0,1,0,0,0,1,0,35
512,0.5697790869920606,1.0307069738147705,2,2,0,0,0,0,1,0,1,1,1,0,1,0,0,1,1,1,1,0,1,1,1,0,0,0,1,1,0,1,0,1,1,0,1,0,1,0,1,21
825,0.6867368125144648,0.15481975056396569,0,0,1,0,0,1,0,1,0,1,1,1,0,0,0,0,0,1,1,0,1,1,0,0,1,1,0,0,0,0,1,1,1,1,0,0,1,1,1,29
591,1.2767519426672067,-0.6609380533882944,0,2,0,0,0,1,0,1,1,0,1,0,1,1,1,1,0,0,0,0,1,1,1,1,0,1,1,0,0,1,0,0,1,0,0,1,0,0,0,61
126,0.9848084421665014,-0.30718928192473555,0,1,1,1,0,0,1,0,0,1,0,1,1,0,0,0,1,0,0,1,0,0,1,0,1,0,1,0,0,0,0,1,0,1,1,1,0,0,0,51
116,-0.9401392319812295,0.5265534832406559,0,2,1,0,0,0,1,1,1,0,1,1,0,1,1,0,1,0,0,1,0,1,0,0,0,0,0,0,1,0,0,0,1,1,0,0,1,1,1,1
473,0.4527212242272196,1.4934518972197721,1,1,0,0,1,0,0,1,0,0,1,0,0,0,0,0,0,1,0,1,1,0,1,1,0,0,0,1,0,1,1,0,0,1,1,1,1,1,0,7
693,0.526232166678576,-0.9235003680462802,0,2,0,0,1,0,0,0,1,0,1,1,0,1,1,1,1,0,1,0,1,0,1,1,1,0,0,1,1,1,1,1,1,0,1,0,1,1,1,68
57,0.027020427195644323,-0.9778676594004817,0,1,1,0,0,1,1,0,0,0,1,1,1,1,0,1,1,1,1,0,0,1,1,0,0,0,1,0,0,0,0,0,1,1,1,1,0,1,1,70
863,-1.2734500604683991,-0.7643775130794176,0,1,0,0,0,1,0,0,1,0,0,1,1,1,1,1,1,0,1,1,1,0,0,1,0,1,0,0,0,0,1,1,1,1,1,0,1,0,0,53
912,-0.7185255721804559,0.16559726522860452,1,1,1,0,0,0,0,0,0,1,0,1,0,0,1,0,0,0,0,1,0,1,1,1,1,1,0,1,0,1,1,1,0,1,0,0,1,1,0,13
369,1.3408282796091322,-0.024476034974225257,1,0,0,0,0,1,0,0,0,0,1,0,1,0,1,0,1,0,0,0,1,1,0,0,0,0,1,1,1,1,1,0,0,0,1,0,1,1,1,39
268,0.16444254325678082,-0.31053565126249144,2,2,0,0,1,0,0,0,1,1,0,0,0,0,1,1,1,0,0,0,0,0,1,0,1,0,1,1,0,0,1,1,0,0,0,1,1,0,0,63
46,-0.9887219801389742,0.3255464143395888,0,2,0,1,0,0,1,0,0,0,0,0,1,0,0,1,1,0,1,1,0,1,0,1,0,1,1,0,0,1,1,0,0,0,0,1,0,1,0,23
349,-1.0968315190310896,-1.1202550477086353,2,0,0,0,1,0,0,0,1,0,1,0,0,0,1,0,0,1,1,0,0,0,1,1,1,1,0,1,0,1,0,1,1,1,0,1,0,0,0,69
195,-1.2378163015223462,0.10361385480553985,2,2,0,0,0,1,1,0,0,1,0,1,1,1,1,0,0,1,1,1,0,1,1,1,1,1,1,1,1,1,0,0,1,1,1,1,1,1,1,10
999,1.3375056274607715,-1.0929114272065625,2,0,0,1,1,0,1,0,0,0,0,0,1,0,1,1,0,1,1,0,1,0,1,0,1,1,0,1,0,0,1,1,1,1,1,0,0,0,0,16
834,0.363855239173488,1.6737250266287818,2,2,0,1,1,0,1,0,0,0,1,0,1,0,1,0,0,1,1,1,0,0,0,1,1,0,0,0,0,0,1,0,1,0,0,0,0,1,1,37
736,-0.6567483405277195,0.46867707753453614,2,0,0,0,1,0,1,1,0,0,1,1,1,1,1,1,1,0,1,0,1,1,1,0,0,0,1,1,0,0,1,0,0,0,0,1,0,1,1,32
263,-0.428752132718377,1.2289704799887424,1,2,1,0,0,0,0,1,1,1,1,0,1,0,1,1,1,1,1,0,1,0,0,0,1,0,1,1,0,0,1,1,1,1,1,0,1,0,0,21
443,0.3263927352133322,0.37253804096705073,2,1,0,1,0,0,0,0,1,0,0,1,1,0,0,1,1,0,0,1,1,1,0,0,1,0,1,0,0,1,0,0,1,1,1,1,1,0,0,4
675,0.5561539830188686,-1.3883339756925728,0,0,1,0,1,1,0,0,0,0,1,1,1,1,0,0,1,1,0,0,0,0,0,1,1,1,0,0,1,1,1,0,1,1,1,1,0,1,1,12
304,1.1102576355760556,-1.2864012204617288,2,2,0,0,0,1,0,0,0,1,0,0,1,1,1,1,0,1,0,0,1,1,0,0,0,1,0,0,1,0,0,1,0,0,1,1,1,1,1,45
341,-0.1808165283036046,-0.020579074931585502,2,2,1,0,1,1,0,0,0,1,1,0,1,0,1,1,1,1,0,0,0,0,1,1,1,0,0,1,1,1,1,0,0,0,0,1,0,0,0,8
966,-1.3774939666461414,1.5100529448889684,1,0,1,0,0,0,0,0,1,0,1,0,0,1,1,0,1,0,0,1,1,0,1,0,0,1,1,1,0,1,0,0,0,1,0,1,1,0,0,11
149,0.08844426724903405,-0.3433117423942447,2,0,0,0,0,1,1,0,0,0,1,1,0,0,1,0,1,1,1,0,1,1,0,0,0,0,0,0,1,0,1,0,1,0,0,1,0,1,0,40
124,-0.9786814723877816,1.201327938309262,2,1,0,1,0,0,1,1,0,1,0,0,0,1,1,1,0,0,0,0,1,0,1,0,0,1,1,1,1,0,0,0,0,0,0,0,1,0,0,33
786,0.822842456062653,0.5713928120968945,2,1,0,0,1,0,0,0,1,1,0,0,0,0,0,0,0,0,0,0,1,1,0,1,0,0,0,0,0,0,0,0,0,1,0,0,1,0,0,4
50,0.5189753627099476,-1.0852471538957957,1,1,1,0,1,0,0,1,1,1,1,1,1,1,0,1,0,0,0,0,1,1,0,0,1,1,1,1,1,0,0,0,1,0,0,0,1,1,1,50
353,0.35524764418226357,0.03621962635807734,1,0,1,1,1,0,0,0,1,1,1,1,0,0,0,1,0,0,0,1,0,0,0,0,1,0,1,1,0,1,0,0,0,1,0,1,0,0,1,8
927,0.21620143180741275,-0.5796689314961243,1,1,0,0,0,1,0,0,1,1,0,1,1,1,0,1,1,0,0,0,0,1,1,1,1,0,0,1,1,0,1,1,1,1,1,1,0,0,1,50
142,-0.46547424932753556,0.39637867322016346,2,2,0,0,0,0,0,1,0,1,1,0,1,1,0,0,0,1,1,0,0,1,0,0,0,1,1,1,1,0,0,1,1,0,1,0,0,0,0,20
470,1.1304639082565107,-0.523863263814323,0,1,0,0,0,0,0,1,0,1,1,0,1,0,0,1,1,0,1,1,0,0,0,0,0,1,0,1,0,0,1,0,0,0,1,1,1,1,1,2
399,1.6307792319782572,0.9621464621110584,0,0,1,0,0,1,1,0,1,0,1,1,0,0,1,0,0,0,0,0,0,0,0,0,0,1,1,1,0,1,1,0,0,0,0,1,0,0,0,38
625,1.3067847877529977,-1.4196555494636975,2,2,0,1,1,0,0,0,1,0,0,0,1,1,0,1,0,0,0,0,1,1,0,1,0,0,1,0,1,0,1,0,1,0,0,1,0,0,0,45
320,0.9079416250574446,-0.9074064810448533,1,1,0,0,1,0,0,1,1,0,0,1,1,0,1,0,1,0,0,1,0,1,0,0,0,0,0,0,0,1,0,1,0,0,0,1,1,1,1,44
19,0.29759528797484025,1.70299256992911,2,1,1,0,0,1,1,0,0,1,1,1,0,0,1,0,0,1,0,1,1,1,1,0,0,0,0,0,0,0,1,0,1,0,1,0,1,1,1,39
809,0.10403352120296586,-1.5981235909493865,1,2,1,0,0,0,0,0,1,1,0,1,0,0,1,0,0,1,1,1,0,1,1,0,0,0,1,0,1,0,0,0,1,0,0,1,0,1,0,15
790,1.49809180789101,-0.7977141618359143,1,0,1,0,0,0,1,0,0,0,0,1,1,0,0,1,0,1,1,1,1,0,0,1,1,1,0,0,0,0,1,1,0,0,1,1,1,1,0,65
808,-0.42655087481383774,0.9183578271264162,0,0,1,0,1,0,1,0,1,0,0,0,1,0,0,0,0,1,0,0,1,0,0,1,1,1,1,0,0,0,0,1,0,1,1,1,0,1,1,7
407,-0.5706595615404396,0.4160322485300598,0,1,0,0,0,1,0,0,0,0,1,1,0,0,0,0,1,1,1,1,1,1,0,1,0,0,1,0,1,1,1,0,0,1,1,0,1,0,0,11
537,1.0964344295471726,-0.2882265735550109,0,0,1,1,0,0,0,1,0,0,0,1,0,0,0,0,1,0,1,1,1,1,1,0,0,0,1,0,1,1,1,0,1,1,0,0,0,1,1,39
620,-0.42394564293858905,0.8845257129896155,1,1,0,0,1,1,0,1,0,0,0,1,1,0,1,0,0,1,1,0,0,0,1,1,1,0,1,0,1,1,0,1,1,0,0,1,1,1,1,36
38,0.7901474262284597,0.06877892257982089,1,1,1,1,0,0,0,1,1,0,0,0,0,0,0,1,1,0,0,1,0,0,1,1,0,0,1,0,0,0,0,0,0,1,1,0,1,1,0,2
175,0.8684103422299925,1.5776547502858769,2,0,1,1,0,0,1,0,0,1,1,0,1,0,0,0,0,0,0,1,1,0,1,1,0,1,0,1,0,1,0,1,1,0,1,1,0,0,0,33
245,1.564753051773899,-0.35701700616049387,1,0,0,1,0,0,1,0,1,1,1,1,1,0,0,0,0,0,0,1,1,1,1,0,1,0,0,0,0,0,1,1,0,0,0,0,0,0,1,27
828,-0.03486701120235943,-1.3021371529299703,0,0,0,1,0,1,0,0,1,0,0,1,1,1,1,0,1,0,1,1,1,0,1,1,1,0,1,0,0,0,1,0,1,0,0,0,1,0,1,24
667,1.6167344871013798,1.0179709593977198,0,2,1,0,0,1,0,1,1,1,1,0,0,1,0,0,0,0,1,1,0,1,0,1,0,1,1,0,0,1,1,0,0,0,1,1,0,0,1,19
754,1.2326494676261142,-0.5170622909185246,2,1,1,0,0,0,0,0,0,0,1,0,1,1,1,1,0,1,0,1,0,1,0,1,0,0,1,1,1,0,0,1,1,1,1,1,1,1,0,17
858,1.6640981991307109,1.699373550601553,0,0,0,0,0,1,1,1,0,1,1,1,0,0,0,1,0,1,1,0,1,0,0,0,1,0,1,1,0,0,1,0,1,0,0,0,0,1,0,29
154,-0.7772504527608194,-0.7811944050564401,2,1,0,0,0,0,0,1,0,0,0,0,1,0,1,1,0,0,0,0,1,0,1,0,0,1,1,0,0,1,1,1,0,0,1,0,1,1,1,72
287,1.567281514698995,1.0150944467935765,1,0,1,0,1,0,0,1,1,0,0,0,0,0,0,0,0,0,1,1,0,1,1,1,1,0,0,1,1,0,1,1,0,0,0,0,1,0,0,27
602,-0.7957746389684006,0.8884847886435961,2,1,1,0,1,1,0,0,1,1,1,1,0,0,0,0,0,1,0,1,1,0,0,0,0,0,1,1,1,1,1,1,0,0,1,1,1,0,1,9
569,1.1232908406685653,0.601038358994634,1,2,1,0,0,1,0,0,0,0,0,1,0,1,0,1,1,0,0,1,0,1,0,0,0,1,0,0,1,1,0,1,0,0,0,1,1,1,1,44
743,-1.2140648397023985,0.025637100365489527,2,0,1,1,0,0,1,0,0,0,0,1,1,1,0,1,1,1,1,1,0,1,0,1,1,0,0,1,0,0,0,1,0,0,1,1,1,1,1,53
17,1.1605189082056728,-0.29595306809958316,0,1,0,0,1,0,0,0,1,1,1,0,1,0,1,1,0,1,1,0,0,1,1,0,1,0,1,0,0,1,0,0,1,1,1,0,1,0,0,67
127,-0.327439244022673,0.7892088704942093,0,2,1,0,1,1,0,0,0,0,1,0,0,1,1,0,0,0,1,0,0,1,0,0,1,0,0,0,1,1,1,0,1,0,1,0,1,0,0,19
322,-0.08058012719624069,0.5119043195167586,1,2,1,1,0,0,0,1,0,0,1,1,0,1,0,0,0,1,1,0,1,1,0,0,1,1,0,0,0,1,1,0,1,1,1,0,1,0,0,19
255,-1.154665507932431,-1.6249955303298185,2,1,1,1,0,1,0,0,0,0,0,1,1,0,0,0,1,0,1,1,0,1,1,1,1,1,0,0,1,0,0,0,0,1,0,0,0,0,1,46
657,-1.0829673793478418,-0.1915743174310939,0,2,0,1,1,0,1,0,0,1,0,0,1,1,0,0,0,1,0,1,1,1,1,1,0,0,1,1,1,1,1,1,1,0,0,1,0,0,1,34
964,0.5611824617896343,0.09850290856073292,2,0,0,0,1,0,0,0,0,0,1,1,1,1,1,1,0,0,1,0,1,1,0,1,0,1,1,0,0,1,0,1,0,0,0,0,0,1,1,12
190,1.277664274852256,0.2357289495042885,1,1,0,0,0,1,0,0,0,0,1,1,0,0,1,0,0,1,1,0,1,0,1,1,0,0,1,0,0,1,1,0,1,1,1,0,1,1,1,39
115,0.7267505801204118,-0.9375814749504335,0,2,1,0,0,0,0,0,0,0,1,1,0,1,0,1,1,0,1,1,1,0,0,0,1,0,1,1,0,1,0,1,1,0,0,1,1,0,0,25
616,0.8601794679875301,0.9230730828119801,2,2,0,0,0,0,1,0,1,0,1,0,0,0,0,0,0,0,1,0,0,0,1,0,1,0,1,0,0,1,1,0,1,0,0,0,0,0,1,63
606,0.3117980721818602,0.5732792293181059,2,0,0,0,0,0,0,1,1,1,1,1,1,1,1,0,1,1,1,0,1,1,0,1,1,1,0,1,0,0,1,1,0,0,0,1,0,1,0,0
180,-0.25272781916240444,1.342329252613973,1,2,1,0,1,0,0,0,1,0,1,0,0,1,1,1,1,0,1,1,0,1,1,0,0,1,1,0,0,0,1,0,1,0,0,1,0,1,1,31
301,-0.9701635634931985,1.0351882181285632,2,0,1,1,0,0,1,0,1,0,1,1,1,0,1,1,1,1,0,1,0,1,1,0,1,1,1,1,0,1,1,1,0,1,1,0,0,1,0,33
759,-0.1281645169304664,-0.5462409097055391,0,0,0,0,1,0,1,1,0,0,1,1,0,0,1,1,0,1,0,1,1,0,1,0,0,1,1,1,0,0,0,0,0,0,1,0,0,1,0,67
712,1.0297756223078256,1.4551403823612914,0,1,1,0,0,0,0,0,1,1,0,0,1,1,0,0,1,1,1,0,1,1,1,1,0,1,1,0,1,0,0,0,1,1,1,1,1,1,1,30
723,-1.051984712995034,0.19927722540384904,1,2,0,0,0,1,0,0,0,0,1,1,0,1,0,1,1,0,0,1,1,0,1,1,1,0,1,0,0,0,0,0,1,0,1,1,1,0,1,22
685,0.28315201977164317,-1.2641567068863637,1,2,1,0,0,0,0,0,1,1,1,0,1,1,1,1,1,1,1,0,0,1,0,1,0,1,0,1,1,1,0,1,0,0,0,1,1,1,0,26
979,0.33834348343010934,1.7371609571876863,1,0,0,0,0,0,1,1,0,0,1,0,0,1,0,1,0,1,1,0,1,1,1,0,1,0,0,0,0,0,0,1,1,1,0,0,1,1,1,29
517,1.0565773508424172,0.33227350912228515,1,1,0,0,0,1,1,0,0,0,0,0,1,0,1,1,1,0,1,0,0,0,0,0,0,1,1,0,1,0,0,0,0,0,0,0,1,1,1,44
984,1.2479277510640534,-1.6403291084214926,0,2,1,1,1,0,0,0,1,0,1,0,0,0,1,0,0,1,1,0,1,0,0,1,1,0,1,1,0,1,1,1,1,1,1,0,0,1,1,57
45,-1.631741456406761,-0.6231601816301193,1,1,0,0,1,0,0,0,0,1,1,1,1,0,0,0,0,1,0,0,1,0,0,1,1,0,0,0,0,0,0,0,0,0,0,1,0,1,1,49
909,-0.9252306235757859,0.06611649710977177,2,2,0,0,0,1,0,0,1,1,1,1,1,1,0,0,0,1,1,1,1,1,0,0,0,1,1,0,1,0,1,1,1,0,0,0,0,1,0,20
157,-1.661356040374969,-1.2445410884494972,0,0,0,0,0,0,0,1,0,0,1,1,1,1,0,0,1,1,1,1,1,0,0,0,1,0,0,1,0,0,1,1,0,0,1,1,0,0,1,5
851,-1.0256064809366399,-1.2893219216643248,1,1,0,1,1,1,0,0,1,0,1,1,1,0,1,1,1,0,1,0,0,0,1,0,0,0,1,0,0,0,1,0,0,0,0,0,0,1,0,58
171,-0.8496785077648937,1.7679004551573763,1,2,1,0,0,1,1,0,0,0,0,1,0,0,1,0,1,0,0,0,0,1,0,1,0,0,1,1,1,1,0,0,1,0,0,0,1,1,1,6
16,1.4015922296198686,-1.5973398914647032,1,2,1,0,0,0,1,1,1,1,1,0,0,1,1,1,0,0,1,0,1,1,0,0,1,0,0,0,1,1,0,0,1,1,1,1,1,1,1,68
511,1.6487234676656577,0.9971219586333329,0,1,0,0,1,0,1,0,1,1,1,1,0,1,0,1,0,1,0,0,0,0,1,1,1,1,0,0,0,1,0,0,0,1,1,0,1,0,1,30
48,-1.4184078342908422,1.2634063321343028,1,2,0,1,1,0,1,0,0,1,1,0,0,1,0,1,1,0,1,0,1,1,1,0,0,0,1,0,1,0,0,1,1,0,0,1,1,1,0,58
971,0.35876279117045345,-1.6540810765212652,1,0,1,0,1,0,0,0,0,1,1,1,1,0,1,0,0,0,0,1,0,0,0,1,1,1,1,0,0,1,1,1,0,1,0,1,0,1,1,12
940,0.270479085637557,0.3839553205029859,1,1,1,0,0,1,1,0,0,1,0,1,1,0,1,0,0,1,0,1,1,0,0,0,1,1,1,1,0,0,0,1,1,1,0,1,0,1,0,51
515,0.48936615110039267,1.0710829565639777,2,1,1,0,1,0,0,1,1,1,0,0,1,1,1,0,0,1,1,0,1,1,1,1,1,0,0,0,0,0,0,1,0,1,0,0,1,0,1,29
952,-0.778333995851143,1.6630168483112588,1,2,0,1,0,0,0,0,0,1,1,0,1,1,0,0,1,1,1,0,0,0,0,0,1,0,1,0,1,1,1,1,1,1,1,0,0,0,0,19
480,1.431968024944928,-0.5877916735183905,0,0,1,1,0,0,0,1,0,0,1,0,0,1,1,0,0,0,0,0,0,1,1,0,0,1,0,1,0,0,0,1,1,1,0,0,1,0,0,27
283,-0.7567545326417949,0.29918507315805304,0,2,0,1,0,0,1,1,0,0,0,0,0,0,0,0,0,1,0,1,1,0,1,1,1,0,1,1,0,1,0,1,0,1,1,0,1,1,0,7
718,0.4035135308223597,1.486009930391269,0,2,0,0,1,1,0,0,0,0,0,1,1,1,0,0,1,0,0,1,0,1,0,1,1,1,1,1,0,1,1,0,1,0,1,1,1,0,0,59
877,-0.767406735779235,-1.3718619122569742,1,0,0,1,0,0,0,0,1,0,0,1,1,0,1,0,1,1,0,1,0,1,0,0,1,1,1,1,0,0,0,0,1,1,0,0,1,0,1,28
225,-0.5216879877019583,-0.3801092168321645,2,0,0,0,1,0,0,0,0,0,0,1,0,0,0,1,1,0,1,1,1,0,0,0,1,0,0,1,0,0,1,0,0,0,0,0,0,1,0,40
26,-1.0770512186132424,-0.21787092164375343,2,1,1,1,0,0,0,0,0,1,0,1,0,0,0,1,1,0,0,1,1,1,1,0,1,0,0,1,0,1,0,1,1,1,0,0,0,1,1,4
954,-0.5784667631637976,-1.3367743502995537,0,2,0,1,0,1,0,1,0,1,0,0,0,1,0,0,0,0,1,0,0,1,1,0,1,0,0,1,0,1,1,1,0,0,0,0,0,0,0,5
437,1.6632148718109583,0.02258908568464845,1,1,1,0,0,0,1,1,1,1,0,0,1,0,1,0,0,1,1,0,1,1,0,0,1,1,0,1,0,1,1,0,1,0,1,0,0,1,1,48
951,0.1397717524641027,-1.3036070815684169,1,2,0,0,0,1,1,1,0,0,1,0,0,0,0,1,1,1,1,0,1,1,0,0,0,1,0,0,1,0,1,1,0,0,1,0,1,0,1,71
364,-1.5096421879389488,1.5370447849710254,1,0,1,0,0,1,0,0,1,1,0,1,1,1,0,0,1,1,1,0,1,0,1,1,0,0,0,0,0,0,1,0,1,1,0,1,0,0,1,36
229,1.0750399359612524,-0.6831598773378132,0,0,0,0,1,1,1,0,1,0,1,0,1,1,0,1,0,0,0,0,0,0,1,0,0,0,1,0,0,0,0,1,0,1,1,0,0,0,0,67
37,1.339405446137712,-0.07159726036598882,2,1,1,1,0,0,0,0,0,1,1,1,0,0,0,0,0,0,0,1,0,0,1,0,0,1,1,0,1,1,0,0,1,1,1,1,1,1,0,52
965,0.09432206797284962,-0.12146761766935467,2,0,0,1,0,1,1,0,0,0,0,0,0,1,0,1,1,1,1,1,1,1,1,1,0,1,1,1,0,0,0,0,1,1,0,1,0,0,1,54
374,-1.3839150605941182,0.8400879607445219,1,2,1,0,0,0,0,0,1,0,0,1,1,1,0,1,0,1,0,0,0,0,0,1,0,1,1,0,1,0,1,0,0,0,0,0,0,1,1,23
469,-1.365105640306351,0.4151276209252305,2,0,0,0,1,0,1,1,0,0,1,0,0,1,1,0,1,0,0,1,0,1,0,1,0,1,1,1,1,0,0,0,1,0,0,0,0,1,0,37
967,0.8537282144596464,0.11649030869259686,2,0,0,0,0,0,1,0,0,1,0,0,0,0,1,0,0,0,1,0,1,0,0,1,1,0,1,1,1,1,1,1,1,0,1,1,1,0,1,65
850,1.2103114058463635,-1.560354965957902,2,0,1,1,0,0,0,0,0,0,1,1,0,1,0,1,1,1,0,0,1,1,1,1,1,0,1,0,0,0,1,0,0,0,1,0,0,0,0,24
704,0.5473834166961148,0.5940572037759402,0,0,0,0,0,0,1,0,1,1,0,0,0,0,0,0,0,0,1,1,1,0,1,1,0,1,1,0,1,0,1,1,0,0,0,1,0,0,0,41
841,-0.9549727545798504,1.3377604088686974,1,2,0,0,1,1,0,1,0,1,0,0,0,1,1,0,0,1,1,0,0,0,1,1,0,0,0,0,1,0,1,0,0,0,0,1,0,1,1,55
194,-0.362420139070905,-0.4195392159805545,1,1,0,0,0,1,0,1,1,1,0,0,0,0,1,0,1,0,1,1,0,0,1,1,0,1,0,0,0,1,0,0,1,1,1,1,0,1,1,52
854,0.5402650219092535,1.0611981341656465,1,1,0,0,1,0,0,0,0,0,0,1,0,1,1,1,0,1,0,0,0,1,0,0,0,1,0,1,0,1,0,0,1,1,1,1,0,1,0,14
864,0.9481747199393356,-0.4993610412478708,1,1,0,0,0,0,1,0,0,1,0,0,1,1,0,1,0,1,1,0,1,0,1,1,1,1,0,1,0,0,1,1,0,0,1,1,0,0,0,34
503,1.1936515063771624,-0.6492475957502343,1,0,0,0,1,1,0,1,0,0,0,0,1,0,1,1,1,0,1,0,1,1,1,0,0,0,0,1,0,1,1,1,0,0,0,0,0,0,0,16
969,0.036469221994778284,-0.5735820912888793,0,1,0,0,0,0,1,1,1,1,1,1,1,0,1,0,0,0,1,1,1,1,0,0,0,1,1,1,0,0,1,0,1,0,1,1,1,0,1,61
830,0.24477823069816093,-1.4992659569646665,2,1,1,1,1,0,0,0,1,1,0,0,0,0,1,1,1,0,0,1,0,1,1,0,1,1,0,0,1,1,1,0,1,1,0,0,1,1,1,12
579,1.2987789262880773,-0.9849000607186849,1,0,1,0,1,1,0,0,0,1,1,1,1,1,0,0,1,0,1,1,1,1,0,0,0,1,1,0,1,0,1,1,0,1,1,0,0,0,1,17
968,0.39858032579266345,1.418755843750503,1,2,1,0,0,0,0,0,0,0,1,0,1,0,0,1,1,1,0,1,1,0,0,0,0,0,1,1,0,1,0,1,1,0,0,1,1,0,1,21
162,0.6662374282516093,-0.9319263905731373,1,0,0,0,0,1,0,0,1,0,1,0,1,0,0,1,1,0,1,0,1,1,1,1,0,1,0,0,1,0,0,1,0,0,0,0,1,0,0,46
908,0.13272229805376506,1.0764267811395696,1,0,0,0,0,1,0,0,0,1,0,0,0,1,0,0,0,1,1,0,0,0,1,0,1,0,0,0,1,0,0,0,1,1,1,0,0,1,1,29
152,1.6319628829538662,-0.3012416137179192,0,0,0,1,0,0,0,0,1,0,0,0,0,1,0,1,0,0,0,0,1,0,1,1,0,1,1,1,1,0,0,0,0,1,1,0,0,1,1,2
801,0.8382270515304792,-1.1536410989725285,1,0,1,0,0,0,1,0,1,1,1,1,1,0,0,0,0,0,1,0,0,0,0,0,0,0,1,1,0,1,0,0,1,1,1,0,1,1,1,43
993,-0.7280581522888582,-1.388642546922446,1,0,0,0,0,1,0,0,0,0,0,0,0,0,0,0,1,0,1,1,0,1,1,1,0,1,1,0,0,0,0,1,1,0,0,1,0,1,1,54
755,0.3896020184829373,1.7099083832502653,1,1,1,1,1,0,0,0,0,0,1,0,0,1,0,0,0,0,0,0,0,1,0,0,0,0,1,0,0,1,1,0,1,1,0,1,0,0,1,30
111,0.6758043562268103,0.3854115470271358,0,2,1,1,1,0,0,0,1,1,1,1,1,1,1,0,1,0,0,1,1,1,1,0,1,0,0,1,1,0,1,0,1,0,1,1,0,0,1,60
226,-1.7444723197408956,-0.11471642176060086,1,2,1,0,1,0,0,0,0,0,1,0,1,0,0,1,0,1,1,1,1,1,1,0,0,0,1,0,0,0,0,0,0,1,0,1,0,1,1,49
688,-1.7169175607088953,1.7119876670921896,0,0,1,0,0,0,0,0,0,0,0,1,1,1,1,1,0,0,1,1,0,0,1,1,0,0,0,0,1,1,1,1,0,0,0,0,1,0,1,55
103,0.9184033002841802,1.257868248641871,0,2,1,1,1,0,0,0,0,0,0,0,0,1,0,1,1,0,1,1,0,0,0,1,0,0,1,0,0,1,1,0,1,1,0,1,0,1,1,30
421,-0.8374859838372906,-1.4244334776790528,1,1,0,1,0,0,1,1,0,1,0,0,0,0,0,1,1,0,1,1,0,0,0,1,1,0,0,0,1,1,1,1,0,0,1,0,0,1,0,3
419,1.424388429314127,1.775705081519769,0,2,1,0,0,1,0,0,0,0,0,1,1,0,1,0,0,0,1,1,0,0,1,1,0,0,0,1,0,1,1,1,1,0,1,1,0,1,0,18
750,-1.0892200023913146,0.21606965137720863,2,2,0,0,1,0,0,1,0,0,0,1,1,1,0,0,1,1,0,1,0,0,1,1,0,0,0,1,0,0,0,0,0,0,1,0,0,0,0,23
586,0.7574062567384383,-0.008745969353800698,0,0,0,0,0,1,1,0,0,0,1,0,1,1,1,0,1,0,1,0,0,1,0,0,0,1,0,0,1,1,0,1,0,0,1,1,0,0,0,44
780,-1.3435827189700411,-0.13653651546629883,2,2,1,0,0,0,0,0,1,0,0,0,0,0,0,1,0,1,0,1,1,0,0,1,0,0,1,0,0,1,0,0,0,1,0,0,1,0,1,49
672,-1.3911085509735193,-1.3160962754893295,2,2,0,0,0,1,1,0,0,0,1,0,0,1,0,1,0,0,1,0,0,1,0,0,1,1,0,0,1,1,1,0,0,1,0,0,1,0,0,71
119,-0.7826790890726502,1.169841535880806,1,1,0,1,1,0,0,1,1,0,0,1,1,1,0,0,1,0,1,1,0,0,1,1,0,0,0,1,1,1,0,0,1,0,1,0,1,1,1,6
53,0.5575970435674038,0.6990540955165698,0,1,1,1,0,1,0,0,1,1,1,0,1,1,0,1,0,0,1,0,1,0,0,0,1,1,1,1,1,1,0,1,0,0,0,0,1,0,1,31
151,0.8636020029496846,0.3546732205066008,2,0,1,0,0,0,0,0,0,0,0,0,0,1,0,1,1,0,1,1,1,0,0,1,0,1,0,0,1,1,1,1,1,0,0,1,1,1,0,17
403,1.2312490923752932,-1.383935040084981,1,0,1,0,1,0,0,0,1,1,1,1,1,1,0,0,1,1,1,0,1,1,0,0,1,1,0,1,1,1,1,0,0,1,1,1,1,1,0,26
945,0.528142250572688,1.5235500939914055,0,0,0,0,0,0,0,1,0,1,1,0,0,0,1,0,0,0,1,1,1,1,1,0,0,1,1,0,1,0,0,1,0,0,0,1,1,1,0,41
207,-0.6406571380041067,-0.4444340852588553,2,0,0,0,0,1,0,1,0,0,1,1,0,1,1,0,0,1,1,1,0,0,0,0,0,0,1,0,0,1,1,1,0,0,1,1,1,0,0,9
658,1.3364655623112423,1.658243183402664,2,2,0,1,0,0,0,0,0,0,1,0,0,0,0,1,0,1,0,0,1,1,0,1,1,1,1,1,1,1,1,1,1,0,1,1,1,0,1,21
843,-0.09373943103848537,0.9476506910121681,1,1,0,1,0,0,1,0,1,0,1,0,1,0,1,0,1,1,0,1,0,1,1,0,1,0,0,0,0,0,0,0,0,1,1,1,0,0,1,4
762,-1.3237733256154436,1.0728179303747598,2,0,0,1,0,0,0,1,1,0,0,0,1,1,0,0,1,0,0,1,1,1,0,1,1,0,0,0,0,1,1,0,0,0,1,1,1,1,0,4
8,1.3647083746795274,0.9796807226648738,2,1,0,0,1,0,0,0,0,0,1,1,1,1,1,1,1,0,0,0,0,0,1,0,0,1,0,1,1,0,0,0,1,0,0,1,1,0,1,17
807,0.4814845780275556,-0.47260625638497933,0,1,0,0,0,1,1,1,0,1,1,0,0,1,0,1,1,1,1,0,1,1,1,1,0,1,1,0,0,1,1,0,0,0,1,1,1,0,1,71
36,0.5475737782496298,-0.8969749663707933,2,1,1,0,1,0,0,0,0,1,1,0,1,1,1,1,0,0,0,1,1,1,1,0,0,1,0,0,0,0,0,1,1,1,0,0,1,0,1,17
452,-1.0695472078608328,-0.6782144222912532,0,1,0,0,0,1,0,0,0,1,0,1,0,1,0,0,1,0,1,0,1,1,1,0,1,0,1,1,1,0,0,1,0,0,0,0,0,0,1,5
651,0.7968274600349445,0.41799408979317615,0,2,0,0,1,0,0,0,1,0,1,0,1,1,1,1,0,1,0,1,0,1,0,0,1,0,1,0,1,1,0,0,0,0,1,1,0,1,1,14
253,1.2750473001165632,-0.623657077714719,1,1,0,0,1,0,0,1,1,0,1,0,0,0,0,0,1,0,1,0,1,1,1,0,1,0,1,0,1,0,0,1,0,1,1,0,1,1,1,2
303,-1.5367678922074746,-1.6596581923154592,2,0,1,0,1,0,1,0,1,0,1,1,1,0,0,1,0,0,1,1,0,1,1,0,0,0,0,0,1,0,1,1,0,1,0,1,1,0,1,66
746,-1.1950639520750912,0.8402636493116423,1,2,1,1,0,0,0,0,0,1,0,1,0,1,0,1,0,0,1,1,1,0,0,1,0,0,0,1,0,1,0,1,1,0,1,1,1,1,1,6
571,0.15562056277671618,0.18925515141353996,2,1,0,1,1,0,0,0,1,0,0,0,1,0,0,0,0,1,1,1,1,0,1,1,1,1,1,0,0,1,0,1,1,0,0,0,0,0,0,37
623,1.2823176475175706,-1.553746225948028,2,0,0,0,0,1,1,0,1,0,1,0,1,1,1,1,1,1,1,0,0,0,0,1,1,0,0,0,1,1,1,1,1,0,0,1,0,0,1,45
732,-1.7728107189931954,-0.8603687262064034,2,2,0,0,0,0,1,1,0,1,1,1,1,1,1,0,1,1,0,1,1,0,1,1,1,1,1,1,0,1,1,1,0,1,1,1,0,0,1,10
891,-1.1532990989054446,-0.26350280306763324,0,1,0,0,0,1,1,0,1,0,1,1,0,1,0,0,1,1,1,1,0,1,1,1,1,1,1,1,1,1,1,0,0,1,1,1,0,0,0,13
262,-1.1619734324868594,-0.22377128058838455,2,2,0,1,0,1,0,0,0,1,0,1,0,0,0,0,0,0,0,0,0,1,0,1,0,0,1,1,1,0,0,0,0,1,0,0,0,1,0,1
610,0.40288537586005635,-1.627337449231473,1,2,0,0,1,1,1,0,1,0,1,1,1,0,0,1,0,0,1,0,1,1,0,1,0,1,1,1,0,0,1,1,0,1,1,0,1,1,1,71
297,-1.117039269354817,0.15533663810053816,0,1,0,1,0,0,1,0,0,0,1,0,0,0,1,1,1,0,0,0,1,0,1,0,0,0,1,1,0,0,1,1,0,0,0,0,1,1,0,58
414,1.5858618317794986,-0.7281250025496208,2,2,0,0,0,0,1,1,1,1,0,1,1,0,1,1,1,0,1,1,0,1,1,0,0,0,0,0,1,1,0,1,0,1,0,1,0,0,1,44
150,-0.8271114210636159,-0.6556447835651693,1,1,0,1,0,0,1,0,0,0,0,0,1,0,0,1,0,0,0,0,0,0,1,0,1,0,1,0,0,1,1,0,1,0,1,0,0,0,0,72
788,1.7264498523735021,0.7724425620757804,2,1,0,0,1,0,0,0,0,1,1,1,1,0,1,0,1,0,1,0,1,0,0,1,0,1,0,1,0,0,0,1,0,0,0,1,0,0,1,44
640,1.306064549193379,0.6710285283715792,0,0,1,0,0,1,0,1,0,0,0,1,1,1,0,0,0,1,0,0,1,1,1,0,1,0,1,0,1,0,1,1,1,1,0,0,0,1,0,38
889,0.36005520060520846,1.6718298523450348,2,2,0,0,1,0,1,0,1,1,1,0,1,0,0,1,1,0,0,1,1,0,0,0,1,1,1,1,1,0,0,0,0,0,0,1,1,0,1,21
550,1.5675196990516682,0.305743892150249,0,2,0,0,0,1,1,1,1,1,1,0,0,1,1,0,0,1,1,1,1,1,0,0,1,0,0,1,0,0,0,0,1,0,1,1,1,0,0,48
886,-1.0827305943527046,0.48531915473028336,2,0,0,0,0,0,0,1,1,0,0,0,0,1,0,0,1,0,0,0,0,1,0,1,0,0,0,0,1,1,1,1,0,0,0,1,1,0,1,40
488,1.225271731766346,1.7003927593765988,0,1,1,0,1,0,0,0,1,0,0,1,0,1,0,0,1,1,1,1,1,1,0,0,0,0,1,1,1,1,1,0,0,0,1,1,1,0,1,59
147,1.158002148998153,1.6354128972395967,1,1,0,1,1,0,1,0,0,1,1,1,1,0,0,0,0,1,0,1,0,0,0,0,0,1,0,1,1,1,1,1,0,0,1,0,1,0,0,59
146,-1.5252575991145196,1.2336427185250087,1,0,1,0,0,0,1,0,1,1,0,0,1,0,1,1,1,1,0,1,1,1,1,1,0,0,0,0,1,0,1,1,0,1,1,0,1,0,0,11
720,1.4412179739738764,-0.5680084706380656,1,1,1,1,0,0,0,1,1,1,1,1,0,1,1,0,1,0,1,1,0,0,0,1,1,0,0,1,1,0,0,0,1,1,1,1,0,0,0,47
931,-0.7841337359101568,1.315206469481699,0,1,0,1,0,0,0,1,1,0,1,1,1,1,0,1,0,1,0,1,1,1,0,1,1,0,1,1,1,0,1,0,0,1,1,1,0,0,0,18
739,0.22473281563435535,-1.5396024945242943,2,0,0,0,1,0,0,0,0,0,1,1,1,1,0,1,1,0,0,0,1,1,0,1,0,1,0,1,1,0,1,0,1,0,0,0,0,1,0,40
659,-1.3644594502675491,1.7333766194986433,2,2,0,0,0,1,0,1,0,0,0,1,1,0,0,1,1,0,1,1,0,0,0,0,0,0,0,1,1,1,1,1,1,0,0,0,1,0,1,6
348,0.7533024597276222,1.1071468637798223,2,2,0,1,0,0,0,0,1,1,0,0,0,0,0,1,1,1,0,0,0,1,0,0,0,0,0,1,0,0,0,0,0,0,1,1,1,0,1,21
463,1.3692040015862101,-0.6536230159563462,2,0,1,0,1,0,0,1,1,1,0,1,1,0,1,0,0,1,1,0,0,0,0,0,1,1,1,1,0,0,1,0,1,0,1,1,1,0,0,48
325,1.144081917584851,0.21223664093598021,2,0,0,0,0,1,0,1,1,1,0,0,0,0,0,1,0,1,0,0,1,0,1,0,1,1,0,0,1,0,1,0,1,0,1,0,1,1,1,48
186,0.21951431781017094,-0.18807377770290853,1,2,0,1,1,0,0,1,1,1,0,0,0,0,1,0,1,1,0,0,1,1,1,1,0,1,1,1,1,1,0,0,1,0,0,1,0,1,1,15
123,1.326221482288535,0.8273826536585993,1,0,0,0,0,1,0,0,0,0,0,0,0,1,1,1,0,1,0,0,0,0,0,1,1,1,1,0,1,1,0,0,1,0,1,0,1,1,1,65
853,0.30590071959540527,0.6873759284925949,0,2,0,0,0,1,0,1,1,1,1,0,1,0,0,0,0,0,1,0,1,0,0,1,1,1,0,0,1,1,1,1,1,0,0,1,1,0,0,61
608,-0.9783900341629944,0.7838518335084758,2,1,0,1,0,0,0,0,1,0,1,0,0,1,1,1,1,0,1,0,1,1,1,0,1,1,1,1,1,0,1,0,1,0,0,0,0,1,0,58
143,0.3019576823440682,-0.977680169923431,0,2,1,1,0,1,0,0,1,1,1,1,1,0,1,1,1,0,0,0,1,0,1,0,1,1,1,1,1,0,0,1,1,0,1,1,1,1,0,57
958,0.9780106470411968,0.3794372907653183,1,2,0,0,0,0,1,0,1,1,0,1,0,0,0,1,0,0,0,1,1,0,1,1,0,1,1,0,0,0,0,1,1,0,0,1,1,0,1,35
197,-0.23576979782368016,0.9660669471572203,2,0,0,1,0,1,0,0,1,0,0,0,0,0,0,0,1,1,0,1,1,1,1,0,1,1,1,0,0,0,0,0,0,1,0,1,1,0,0,4
609,1.0679642851864075,-0.8068824702392132,0,2,1,0,0,1,1,0,0,0,1,0,1,0,0,1,0,1,0,1,1,1,0,1,1,1,0,0,1,0,1,1,1,0,0,0,1,0,0,71
279,0.5785814960380519,-0.5300725780705172,2,2,1,0,0,1,0,0,0,1,1,0,1,1,0,1,0,1,1,1,1,0,1,0,1,0,1,1,1,1,1,1,0,0,0,0,1,0,1,19
293,0.6339813367550975,1.6215624121862988,1,1,1,1,0,0,0,0,1,0,1,1,0,1,1,1,0,0,0,1,0,1,1,0,1,0,0,0,1,1,0,1,1,1,0,0,1,0,1,30
400,0.7464981864576393,0.20830375965326842,0,0,0,1,0,1,1,0,1,1,1,0,1,1,0,0,1,1,0,1,1,1,0,1,1,1,1,0,0,1,0,1,0,0,1,0,0,1,0,0
122,1.068939353603379,-0.614430648149657,1,0,0,0,0,1,1,1,1,0,1,0,1,0,1,0,0,0,1,1,0,0,1,1,0,0,1,1,0,0,0,0,1,0,0,0,0,1,1,43
183,0.04668094065124508,1.7018986188571594,1,1,0,0,1,0,1,0,0,1,0,0,0,1,0,1,0,0,0,0,0,0,1,1,1,1,0,0,0,0,0,1,0,1,1,1,1,0,0,33
202,-1.658387406111845,1.2688812341887035,2,0,0,0,1,0,0,0,0,1,0,1,1,0,1,0,0,1,1,0,1,0,0,1,0,0,1,0,1,1,0,1,1,1,1,1,1,0,1,36
438,-0.41306163573598337,-0.22705306658994034,2,0,0,0,0,0,0,1,0,0,0,1,1,0,1,1,0,0,0,0,0,0,0,0,1,1,0,0,1,1,1,0,0,1,0,1,1,1,0,40
246,-0.4419356855674386,-0.9390462472921894,1,0,0,0,1,1,0,1,1,0,1,0,1,0,1,1,0,0,0,0,0,0,0,0,1,1,1,1,1,1,1,1,1,0,1,1,1,0,1,69
415,1.2347944674434095,1.09753242528932,0,0,0,0,0,0,1,0,1,1,0,0,1,1,0,1,0,1,0,0,0,0,1,0,1,0,1,1,0,0,0,0,1,0,0,0,1,0,0,38
932,1.2154661888669218,0.6673037905588064,2,1,0,1,1,0,0,0,0,1,0,1,1,0,0,1,1,0,0,0,0,0,1,1,1,0,0,0,1,0,1,1,0,1,0,1,0,1,0,47
765,-0.9825999279179225,1.4989030054134675,0,2,0,0,0,0,1,0,1,1,1,1,1,1,1,0,1,0,1,0,1,0,1,0,1,0,0,1,0,1,0,0,0,0,0,0,1,1,0,55
906,-0.17756838460476126,1.4154665393498624,1,2,1,1,0,0,0,0,1,1,0,0,0,0,0,0,1,1,1,1,0,0,1,0,0,1,0,0,1,1,0,0,0,1,0,1,1,1,1,30
835,0.3947230701368702,-1.1696130592414147,0,1,0,0,0,1,0,0,1,0,1,0,0,1,0,0,0,1,0,0,1,0,1,0,0,0,0,1,1,1,1,0,1,1,0,1,1,1,0,50
887,-0.737930521849926,-0.13091434688984924,1,0,1,0,1,0,1,0,1,0,0,0,0,1,1,1,1,0,1,0,0,0,0,0,1,1,0,1,1,1,0,0,0,1,0,1,0,1,0,1
129,0.442456232127205,0.26334925285390887,2,2,1,0,0,0,0,0,1,0,0,0,0,1,1,0,0,0,1,1,0,1,1,0,0,0,1,1,1,0,1,0,1,1,0,0,1,1,1,63
637,0.6822445910373107,1.159622812065136,2,2,0,0,1,0,1,1,1,1,1,1,0,1,1,0,1,1,0,1,1,1,1,0,1,0,0,0,0,0,0,0,0,1,0,0,0,1,0,35
402,1.3944997963403059,-1.2335748360423147,0,2,0,0,0,1,0,0,0,1,0,1,1,0,1,0,1,0,1,1,1,1,1,1,1,0,0,1,1,1,1,0,1,0,1,0,1,1,0,2
784,1.5494436888986511,0.3559619682097572,1,0,1,0,0,0,1,1,0,1,1,1,0,1,1,1,1,1,0,1,0,1,0,1,1,1,1,1,1,0,1,1,0,0,0,1,1,1,0,38
770,-0.6437296085107073,1.0912788264142506,1,2,1,0,0,0,0,1,0,0,0,0,0,0,0,0,1,0,0,1,0,0,0,0,1,1,0,0,1,0,1,1,1,1,1,1,1,1,1,6
735,-0.31165152594151974,1.136643713451217,0,0,0,1,1,0,0,1,1,1,0,1,0,0,0,0,0,1,0,0,1,1,0,1,1,1,0,1,1,1,0,0,1,0,0,1,1,1,1,15
913,-0.0768126261371082,-1.451589839153089,2,0,0,0,0,0,1,1,0,1,1,0,1,0,0,1,0,1,0,0,0,0,1,1,1,1,0,1,0,0,0,0,0,1,1,0,1,1,1,50
219,0.46697445380556385,-0.5440421956620599,1,0,0,1,0,0,0,1,0,1,1,0,0,0,1,0,0,1,1,0,0,1,1,0,1,1,0,1,0,1,1,1,1,0,1,0,0,1,1,48
641,0.5952935142361904,-0.2879173493862646,0,1,0,0,1,0,0,0,0,1,0,1,0,0,1,0,1,0,1,1,0,0,1,1,0,0,0,0,0,1,0,1,1,1,0,1,0,0,1,52
915,-1.1307290471319047,-1.6520080340068057,2,0,0,0,0,0,1,0,1,0,0,1,0,0,0,1,1,0,0,1,0,0,0,0,1,0,1,0,0,1,0,1,1,1,0,0,1,0,0,28
752,-0.9149433004694936,-1.4816121989950004,0,2,0,0,1,0,0,0,1,1,0,1,1,0,0,1,1,1,1,0,0,0,0,1,0,0,0,1,1,0,1,1,1,0,1,0,0,1,1,26
806,-0.478188019258816,0.6034862076264339,0,0,0,1,0,1,0,0,0,1,0,1,0,1,0,0,0,0,0,1,1,1,0,0,0,1,1,1,0,1,1,0,0,1,1,1,0,1,1,13
919,0.40705980617644333,-0.14932098178856298,2,1,0,1,0,0,1,0,1,0,0,0,1,1,0,1,1,1,1,1,1,1,1,0,0,0,0,0,1,1,1,1,1,1,0,1,1,1,1,68
624,0.8878815803466692,0.13741391732529684,0,2,1,1,0,0,1,0,0,1,1,0,0,1,1,0,1,0,0,1,0,1,1,0,1,1,0,1,1,1,0,1,1,1,1,0,0,1,0,60
874,0.5716571128771604,-0.1463878843494172,2,2,0,0,0,0,1,0,1,0,1,0,0,0,0,1,1,0,1,1,0,0,1,0,1,0,1,1,0,1,0,1,1,1,1,1,1,0,1,63
760,1.649393779496955,0.7668700744659528,1,0,0,0,1,0,0,1,0,0,0,1,1,1,0,1,0,0,0,0,1,0,0,0,0,0,1,1,0,1,1,0,0,1,1,0,0,1,1,65
386,0.34969873162233467,-0.5462931352133582,1,2,0,1,0,0,0,0,0,1,0,1,1,0,1,1,0,0,1,0,1,1,0,0,0,0,1,0,0,0,1,1,1,0,1,0,1,1,1,57
972,-1.5207989035039333,-0.7955159951088436,0,1,1,0,1,0,0,0,0,1,1,0,0,1,0,0,0,1,1,1,0,1,1,0,1,0,0,0,1,1,0,0,1,0,1,0,1,0,1,5
509,-0.8357595778519575,-0.43546681481422733,1,2,0,1,1,0,0,1,0,0,1,0,1,1,0,1,0,1,0,0,0,1,0,1,0,1,1,1,0,1,0,0,0,1,1,1,1,1,1,23
267,0.9964785066615147,-0.7974487037757615,0,2,0,0,1,0,0,0,1,1,1,1,1,1,0,1,1,0,1,1,1,1,0,1,0,1,0,0,1,1,0,0,1,0,0,1,1,1,0,26
819,-0.46120244134091626,-0.32607920681417524,1,2,0,0,1,0,0,0,0,1,1,1,0,1,1,1,1,0,1,0,1,0,0,0,0,0,1,1,0,1,0,1,0,0,0,0,1,1,1,25
441,1.4740643203506083,-0.949354106866103,2,0,1,1,0,0,1,0,0,0,0,0,0,0,0,0,0,0,0,1,0,1,0,1,1,1,1,1,0,0,1,0,1,1,1,0,0,1,0,27
496,1.6931259336482276,-1.0535282092080338,0,2,1,0,0,0,0,1,1,1,1,0,1,0,1,0,1,0,1,1,0,0,1,0,1,1,0,1,1,1,0,0,0,1,1,1,0,1,0,2
112,-1.3754565705733819,-1.2028311803883287,1,2,1,1,0,1,0,0,1,1,0,0,1,1,0,0,1,1,1,0,0,0,0,0,0,0,0,0,0,1,0,0,0,1,0,1,1,1,1,49
691,-1.411392130818564,-1.0432131385003875,1,1,1,0,0,0,1,0,1,0,0,0,1,1,1,1,0,1,0,1,1,0,0,1,1,0,0,1,0,0,1,1,1,1,1,1,1,0,1,53
232,0.630136773174301,-1.0158954723185272,2,2,0,0,0,0,0,1,0,0,1,0,1,1,1,0,0,1,1,1,1,0,0,0,0,1,1,0,1,0,1,0,0,0,1,0,1,0,1,71
869,0.418250390108092,0.4035000566639339,1,2,0,1,1,1,0,0,0,0,0,0,0,0,1,0,1,0,0,0,0,0,0,0,0,1,1,0,0,0,0,1,0,1,0,0,0,0,0,52
607,-0.5542984395838034,-0.11011463340835198,0,2,1,0,0,0,1,0,1,0,1,1,1,0,0,0,1,1,1,1,0,1,0,1,1,1,0,1,1,1,1,0,1,1,1,1,1,0,1,61
671,0.6903046164460293,-1.49432260476536,1,2,1,0,0,0,1,1,1,1,0,1,0,0,0,1,1,1,1,0,0,0,1,1,1,1,1,1,0,1,0,0,0,1,1,0,0,1,1,50
373,-1.4313553850021294,1.1984809423830074,0,1,0,0,1,1,1,0,0,0,1,1,0,0,0,0,1,0,1,1,0,0,1,0,0,0,1,1,1,1,1,0,0,1,0,0,1,0,0,58
981,0.7974128514137975,-0.9671013311150688,1,2,1,1,0,0,1,0,1,0,0,1,1,0,1,1,0,0,0,0,0,1,0,1,1,0,1,1,0,0,1,1,1,0,1,1,1,1,0,57
842,-1.2678305439600503,1.3382715063737909,2,1,1,0,1,0,1,0,0,0,0,0,0,1,1,0,1,1,0,0,1,0,1,1,0,1,1,0,1,0,0,0,0,1,1,1,1,0,1,36
233,-0.8199342336887981,1.4826629561248512,2,2,0,0,0,0,1,0,0,1,0,1,1,1,0,0,1,1,1,0,1,1,1,0,1,1,1,0,1,1,1,1,1,1,1,1,1,0,1,36
785,-1.2194037899175878,0.045948501988162034,0,0,0,1,0,0,0,1,1,0,1,1,0,0,0,0,1,1,1,0,0,0,0,0,0,0,0,1,0,1,0,1,1,1,1,1,1,0,0,11
676,1.3386598723566854,0.7669792976965915,0,2,0,1,0,1,0,0,0,0,0,1,1,0,0,0,1,1,1,0,0,0,0,0,1,1,1,1,1,0,1,0,0,1,0,0,0,1,1,73
317,1.6737143199054554,1.2416129513101553,1,0,0,1,0,1,1,0,0,1,0,0,0,0,1,0,1,0,0,0,0,0,1,0,1,0,1,0,0,1,0,1,0,1,0,1,1,0,0,52
648,-0.31706256753411843,0.8566563614700544,1,0,0,1,0,0,1,0,0,0,0,0,1,0,1,0,0,1,1,0,1,1,0,1,0,0,0,1,0,1,0,0,1,0,0,0,0,1,0,65
410,1.4237830946439534,-1.0390612922461164,0,2,1,0,0,0,0,0,1,1,0,0,1,1,1,1,1,0,1,1,1,1,1,1,1,1,1,0,0,1,1,0,0,0,1,1,1,1,0,2
898,-0.1681501897428011,-1.3444357237935598,2,0,1,0,0,1,0,0,1,0,0,0,1,0,1,0,1,1,1,1,1,1,1,0,0,0,1,1,1,0,1,1,1,0,0,1,1,1,0,56
709,0.40692760113927745,0.9898156686618781,1,0,0,0,0,1,0,0,0,0,1,1,0,0,1,0,1,0,1,1,0,1,0,1,1,1,1,0,1,0,1,1,0,0,1,0,0,0,0,41
358,0.63100052905998,-0.7536659356389366,2,2,1,0,0,0,0,0,1,1,1,1,0,1,0,1,0,0,0,1,0,1,1,1,0,0,1,1,1,1,1,1,1,0,1,1,0,1,1,63
258,-0.46483408729042824,1.3091506342688919,0,1,0,1,0,0,0,1,0,0,1,1,1,1,0,0,1,1,0,0,0,1,0,0,0,1,0,1,0,0,1,1,0,0,0,1,0,1,1,73
744,1.1987292170903399,-1.458279370746488,2,1,0,0,0,1,0,0,0,0,1,0,0,0,1,1,1,0,0,0,1,0,1,0,1,0,1,1,0,0,0,1,0,1,0,1,0,0,0,16
627,-0.9290681903689012,-0.7327054647660236,1,0,0,0,1,0,0,1,1,0,0,0,0,1,0,1,0,0,1,1,1,1,1,1,0,0,0,1,1,1,0,0,0,0,0,0,0,1,1,46
632,0.7779005426427176,-1.081498785457036,0,2,1,0,1,0,0,0,0,0,0,0,1,0,0,0,1,1,0,0,1,0,1,1,0,0,1,1,0,1,0,0,0,0,0,0,0,0,0,25
282,-1.6321337658027624,1.2875105884574978,2,0,0,0,0,1,1,0,0,1,0,0,1,0,0,1,0,1,1,0,1,0,1,0,1,1,0,0,0,1,1,0,0,0,0,0,0,0,0,20
376,0.8149072768318889,1.4315072502412869,0,0,0,0,1,0,0,0,1,0,1,0,0,1,0,1,1,0,0,0,0,1,1,1,0,0,1,1,0,1,0,0,1,1,1,0,1,0,1,30
384,-0.2872718308735326,1.0825330174721677,1,0,0,0,0,1,1,1,0,0,0,0,0,0,1,1,0,0,0,1,1,0,1,1,1,1,1,1,0,1,0,1,0,0,1,0,0,0,0,33
224,-1.23489635120148,-1.6443072153232206,1,1,1,0,0,0,0,0,1,1,1,1,1,1,1,1,1,0,0,1,0,0,1,0,1,0,0,0,0,1,0,0,1,0,0,1,1,1,0,1
953,-1.2242884969336503,-0.5015585742401525,0,1,0,0,1,0,0,0,1,1,1,0,0,1,0,1,0,1,0,1,1,0,1,0,1,0,1,0,0,0,1,0,1,0,0,0,0,1,1,58
814,-0.16121286007827007,-1.1021143317681024,1,1,1,1,0,0,1,0,1,0,0,0,1,1,1,1,1,0,0,0,0,1,0,0,0,1,1,0,0,1,1,0,0,0,1,0,0,0,0,23
472,-0.010140461394006157,1.1510085607039746,0,1,0,0,0,0,1,0,0,0,0,0,1,0,1,0,0,0,0,1,1,0,1,1,0,1,1,1,1,1,1,0,0,1,1,0,1,1,0,7
347,0.17614788526171146,1.4571947489035668,2,2,1,1,0,1,0,0,0,1,1,1,1,0,1,0,0,1,0,1,1,1,0,0,0,1,1,1,0,1,1,0,1,1,0,1,1,1,0,51
505,-1.666186612804384,-0.17495029207478413,1,1,0,0,0,1,0,0,1,0,0,1,1,0,1,0,0,0,1,1,1,0,1,1,0,1,0,0,1,1,1,0,1,1,1,1,1,1,0,11
639,-0.6485274477166346,0.4627547683213126,0,1,0,0,1,0,0,1,0,0,0,0,1,0,0,1,1,1,0,1,0,0,0,1,1,1,0,1,1,0,1,1,1,0,1,1,0,0,1,18
987,0.19944656195437055,-0.8155582610891802,1,0,1,1,0,0,0,0,0,1,0,1,0,0,1,0,0,0,1,1,1,1,0,0,1,1,1,0,0,1,1,0,1,1,0,1,0,1,0,12
928,-1.6752388512063225,0.8934386454771284,0,2,0,0,0,1,0,0,1,1,0,1,1,0,1,1,1,0,1,0,0,1,1,1,1,0,0,0,1,1,1,0,0,0,0,0,1,1,0,55
905,1.3078100862555186,0.5042605945764156,0,1,1,0,1,0,1,0,0,1,0,0,0,0,0,1,1,1,0,1,0,0,1,0,0,0,1,0,0,1,1,1,1,0,1,0,1,0,1,64
619,1.2617084479381289,-0.7231961302300334,1,0,0,0,1,1,0,1,1,0,1,1,0,0,1,0,0,0,1,1,1,1,0,1,0,1,1,1,0,0,1,0,1,0,1,0,1,1,0,39
855,0.9327842138984193,1.5497742027850474,0,1,1,0,1,0,0,0,1,0,1,1,0,0,1,1,1,0,0,1,1,1,0,0,0,0,1,1,1,0,0,0,1,0,1,0,1,1,0,60
803,-1.3707665210406137,1.7535936906582128,0,1,1,0,0,0,0,0,1,1,0,0,0,1,1,1,0,1,0,0,0,1,0,1,0,0,1,0,0,1,1,0,1,1,0,0,1,0,1,30
645,-0.9367211593060437,-1.6315274347975766,2,1,1,0,0,0,0,0,0,1,0,0,1,0,1,0,0,0,1,0,1,0,1,1,1,1,1,1,0,1,0,0,1,0,0,1,0,0,0,72
846,0.5990893840890122,-1.2447544266242956,1,1,0,1,0,0,1,1,0,0,0,1,1,1,0,0,1,1,0,1,0,0,0,0,0,1,0,1,0,0,1,0,0,0,0,0,1,0,1,70
556,-0.6129064884884656,-0.3685162871372778,2,1,0,0,1,0,1,1,0,0,1,0,1,0,1,0,0,1,1,1,0,0,0,1,1,1,1,1,1,0,0,0,1,0,0,1,0,0,1,37
957,0.18385302185637664,0.8176984659331644,1,1,1,0,1,0,0,0,1,1,0,1,0,1,1,1,0,1,0,0,0,1,1,0,0,1,1,1,1,1,1,0,1,1,0,1,0,0,1,30
577,-0.961129947310781,-0.1781190236308419,1,1,0,0,0,0,1,0,1,0,1,1,1,1,1,0,0,1,1,1,0,0,0,0,1,1,1,0,1,0,0,1,1,1,1,0,1,1,1,37
795,-1.5910017549538795,1.3833110762191931,1,2,1,0,0,0,0,0,1,1,0,0,1,0,1,0,1,0,1,0,0,0,1,1,1,1,1,1,0,1,0,0,0,0,0,0,0,0,1,55
85,-1.3548841457185645,1.4998267794905515,0,1,0,0,1,1,0,0,0,1,1,0,0,0,0,0,0,1,1,1,1,0,1,1,1,1,0,1,0,0,1,0,1,1,1,0,1,0,0,18
242,-1.1756577498338403,0.037554703915109115,1,2,1,0,0,1,0,0,0,1,1,0,1,0,0,1,1,0,0,0,1,1,0,1,0,1,0,0,0,1,1,0,1,0,1,0,1,0,1,22
698,1.4610777833426465,1.4482814131302795,1,0,0,0,0,0,1,0,0,0,0,1,1,0,1,1,0,1,0,0,1,0,0,1,0,0,1,0,0,1,0,0,1,0,1,1,1,1,0,65
159,-0.531324629125329,-1.525505131362605,0,0,0,1,0,1,0,1,0,0,1,0,0,1,1,0,1,0,1,1,0,0,1,1,1,0,0,0,1,1,0,0,0,1,0,0,1,0,1,5
524,0.1788662595973385,0.9984842963883236,0,2,0,0,1,1,0,0,1,0,0,1,0,0,1,1,1,1,1,1,0,1,1,1,0,0,0,0,1,1,0,1,0,0,1,1,0,0,1,14
35,1.3669001991528433,-1.2641688534698152,0,2,0,0,1,0,1,0,0,1,0,0,0,1,0,1,0,0,1,0,0,0,0,0,0,0,1,0,1,0,1,1,1,1,0,1,0,1,0,26
540,0.034374246762974695,0.3925464981566111,1,1,0,1,1,0,0,0,1,0,0,0,0,1,1,0,1,0,0,1,1,1,1,1,1,0,0,1,0,1,1,1,0,0,1,0,0,0,0,13
170,0.21357936849886097,0.3141746772900641,2,2,0,0,1,0,1,0,0,1,0,1,0,0,1,0,1,1,0,0,1,0,0,0,0,1,1,1,0,1,0,0,0,1,0,0,1,0,0,51
654,-0.14701508615837294,-0.4809046965764083,1,1,0,1,0,0,0,0,0,1,0,1,1,0,1,0,0,1,1,1,1,1,1,0,0,1,1,0,1,1,1,1,0,0,1,1,0,0,0,34
890,0.25578073314836414,-0.099524425781961,2,0,0,0,1,0,0,0,0,0,0,0,1,1,0,1,0,1,1,1,0,0,1,1,0,0,1,1,1,0,0,0,0,1,0,1,0,1,1,54
857,-0.8170255760853923,0.04711780988772159,2,0,0,0,0,0,1,0,0,1,0,1,0,1,1,1,0,0,0,1,1,1,0,0,0,0,0,1,1,1,1,1,0,1,0,0,1,0,0,13
847,-0.07152272193570691,-0.7103692420850912,0,2,0,0,0,1,0,0,0,0,0,0,0,1,1,0,1,1,0,0,0,0,0,0,1,0,1,1,0,0,0,0,1,0,0,1,0,1,0,25
944,-0.5566686381072644,-1.299148939768287,2,1,0,0,0,0,0,1,0,1,0,1,0,1,1,0,0,0,0,0,0,0,0,0,1,1,1,0,1,0,1,1,1,1,0,0,1,1,1,40
733,-1.2000558322641395,-0.7301168982049919,1,2,0,0,0,1,1,0,1,0,0,0,0,1,1,0,1,1,1,1,0,1,1,0,0,0,0,1,1,1,0,0,1,1,0,0,1,1,1,10
95,-1.6065253076036272,0.8539581395864826,1,1,0,1,0,0,0,1,1,0,0,1,0,1,1,1,1,0,1,1,1,1,0,1,0,1,1,1,0,1,1,0,1,0,0,0,0,0,1,23
563,0.08130627167094827,1.6664803529624705,2,1,0,0,1,0,1,1,1,0,0,1,1,1,0,1,1,1,0,0,1,1,0,1,1,1,0,1,1,1,0,1,0,0,1,1,0,1,0,62
240,0.6497211048227709,-0.7412543166173934,2,1,0,0,0,1,0,0,1,1,1,0,0,0,0,1,1,1,1,1,0,0,0,0,1,0,1,1,0,1,1,1,0,1,0,1,1,1,1,63
742,0.18925622508962897,-1.4284281000934578,2,2,0,0,0,1,0,0,0,0,0,0,1,1,0,0,0,0,1,0,0,0,1,0,1,1,0,1,1,1,1,1,0,1,0,1,0,0,0,46
574,-1.4945803449904276,-1.3115070178022221,2,1,1,0,1,0,0,1,0,0,1,0,1,1,1,1,0,0,1,0,0,0,0,1,0,1,1,1,0,1,0,1,1,0,1,0,1,1,1,69
690,1.589788438811931,-1.5727637427749381,2,0,0,1,1,0,0,1,0,0,1,0,1,0,1,1,0,0,1,0,0,0,1,0,1,1,0,1,1,1,0,0,1,1,0,0,0,0,1,16
460,0.6111980346358937,-0.11614712605643975,2,0,0,0,0,1,1,0,0,0,1,0,1,1,0,0,1,1,1,0,1,1,1,0,1,1,0,1,0,0,1,1,1,0,0,1,1,0,1,54
553,-0.5257519274872838,-0.8902071685309826,2,0,1,1,0,0,0,1,0,1,0,1,0,0,1,1,0,1,1,1,0,1,0,0,1,0,0,0,1,0,0,1,1,0,0,0,1,1,1,40
888,-1.5141196231976606,-1.50349926694542,2,0,1,0,1,1,0,0,1,1,1,0,0,1,0,0,0,0,1,1,1,0,1,0,1,1,1,0,1,1,1,1,0,0,0,0,0,0,1,66
206,1.4466117437759052,1.7293256907084613,1,0,0,0,1,1,1,0,0,1,1,0,1,1,1,1,1,1,0,0,0,0,1,0,1,0,0,0,0,0,0,1,1,0,0,0,0,0,1,29
392,-1.2884431881118887,-0.5572646207335692,1,2,0,1,0,0,1,0,0,0,1,0,0,0,1,1,1,0,1,1,1,0,0,0,0,1,0,0,0,1,1,1,0,0,1,0,0,1,0,58
794,1.3109665377857282,0.21370238308400377,2,0,0,0,1,0,1,0,0,0,1,0,1,0,1,1,1,0,0,0,0,1,0,0,0,0,0,0,0,1,1,0,0,0,1,1,0,1,1,16
397,-1.3119132127098607,-0.7857253975511507,1,0,1,0,0,0,0,0,1,1,0,1,1,1,1,1,0,1,1,0,0,0,1,1,1,0,1,1,0,1,0,0,1,0,0,1,1,1,1,53
766,-0.6671934387497949,-1.559904562961896,2,2,0,0,0,0,1,1,1,1,1,0,1,1,0,0,1,0,0,1,0,1,1,1,1,0,0,0,1,0,0,1,1,0,0,1,1,1,0,1
848,-1.6430332735811544,0.0015047388646172938,0,1,0,1,0,0,0,0,1,1,0,1,1,0,0,0,0,1,0,0,1,1,1,0,1,1,0,0,1,0,1,1,1,0,0,0,1,1,1,5
217,-1.633408913232665,0.23995617179025294,1,2,0,1,1,0,0,0,0,0,0,0,1,0,1,0,0,0,0,0,0,1,0,1,0,0,1,0,0,1,1,1,1,0,1,0,1,0,0,23
4,-0.7376603479882596,-1.169687638303601,1,0,0,1,0,0,0,0,1,0,1,1,1,0,0,0,1,0,1,1,0,1,0,1,1,0,1,0,0,0,1,0,1,1,0,0,1,0,0,28
768,-1.3989217218842698,0.43670606003352325,1,1,0,0,0,1,0,0,1,1,1,0,1,1,0,0,1,0,0,0,1,0,0,0,0,0,1,1,1,0,1,0,1,0,1,1,0,0,1,11
642,1.0792519727882113,-1.1971444860879326,1,1,0,1,0,0,1,1,0,0,1,1,1,1,1,0,1,1,0,0,1,0,0,0,1,0,1,0,0,0,0,0,1,0,1,1,1,1,1,70
929,0.9237818239390658,0.9591471201824026,2,1,1,1,0,0,1,0,1,1,0,1,0,1,1,1,1,0,0,0,0,1,0,0,1,0,0,1,1,0,1,0,0,1,1,1,0,0,0,47
612,0.1046153505808174,-1.072665473103893,2,1,0,0,0,1,0,1,0,0,1,1,1,0,0,0,0,0,0,0,1,1,1,1,1,0,1,1,1,0,1,1,0,0,1,1,1,1,0,40
738,-0.9319709178277829,1.1997124715163725,2,1,1,0,1,1,0,0,0,0,0,1,1,0,1,1,0,1,1,0,0,1,0,1,0,1,1,0,1,0,0,1,1,1,1,0,1,1,0,62
546,-0.6390864227768278,-1.5753174635246303,2,2,0,1,1,0,0,0,0,1,1,0,0,0,1,1,1,0,1,0,1,0,0,1,0,1,0,0,1,0,0,0,0,0,1,1,1,1,1,71
725,-1.5246700157350506,-1.2219891462872876,0,0,1,1,0,1,0,0,0,1,0,1,1,1,0,1,1,0,0,1,1,1,1,0,0,1,0,1,1,1,0,0,0,1,1,0,1,1,1,5
683,1.3664914888950883,-0.5583042722565736,2,1,1,0,1,1,0,0,0,1,1,0,1,1,1,0,1,0,1,1,1,0,1,1,1,1,0,1,0,1,1,1,0,0,0,1,1,0,0,16
98,-1.6362458317444744,0.14602331005307775,2,2,0,0,0,0,1,0,0,0,1,0,1,1,1,0,1,1,0,0,1,0,0,0,1,1,1,0,1,1,0,1,1,1,0,1,1,0,0,37
804,-0.5844132204783428,0.022065198259272816,2,1,0,0,0,1,1,0,0,1,0,1,1,1,0,1,0,1,1,0,0,0,1,0,0,0,0,1,1,0,0,0,1,1,0,0,0,0,0,20
727,-1.6577285239980466,0.19827869942781828,2,2,1,0,0,0,1,0,1,0,1,0,1,0,0,0,0,1,1,1,1,0,1,1,1,0,0,1,1,0,0,1,0,1,0,1,1,1,1,10
573,0.7104099592409675,0.9559416896208502,2,0,0,1,0,0,0,0,0,0,0,0,0,1,0,0,0,1,1,1,0,0,0,0,0,1,0,0,1,1,1,0,1,0,1,1,1,1,1,65
406,0.06176000646175108,-0.9804446555005975,2,0,1,0,0,1,0,1,0,0,1,1,0,1,0,1,0,1,1,0,1,1,1,1,0,1,1,0,1,0,0,0,1,0,0,0,1,0,1,54
502,-1.2325487283272225,-0.21425401476549247,2,2,0,0,0,1,0,1,1,0,0,1,1,0,0,1,0,1,0,0,1,1,1,0,0,0,1,1,0,0,0,1,1,1,0,0,0,0,1,46
47,1.1775788771444855,0.5496607787207075,2,2,0,1,0,0,0,0,1,0,0,1,0,0,1,1,0,0,1,0,0,0,1,1,1,1,1,1,1,0,0,1,1,0,0,1,1,0,1,63
32,0.09043022959304871,0.40207635225689803,0,1,0,1,0,1,1,0,0,0,0,1,1,1,0,0,1,1,1,1,1,0,0,1,1,0,0,1,1,0,1,1,1,1,1,1,1,0,1,18
779,1.3300319622168926,-0.6851082373336048,2,0,0,1,1,0,0,1,1,0,0,1,0,0,0,0,1,1,1,1,0,1,0,1,1,1,0,1,1,0,0,1,1,0,0,1,0,1,1,45
839,0.02586782630019274,-0.8962603727842121,0,0,0,0,0,1,1,0,0,1,0,1,1,0,1,1,0,1,1,1,0,1,0,0,1,1,1,0,1,1,0,0,1,1,1,0,1,1,1,12
200,1.699060462173705,1.549769449774132,1,0,1,1,0,0,1,0,0,0,1,0,1,0,1,1,0,1,0,1,0,1,1,1,0,0,1,1,0,1,1,0,0,1,1,0,1,1,0,65
134,-0.0004945039680166131,-0.9935816896103422,1,1,1,0,0,0,0,1,0,0,1,0,1,0,0,1,0,0,0,0,0,1,1,0,1,0,1,0,0,1,0,1,1,0,0,1,0,0,0,72
27,-1.051926331407193,-1.4140782512307006,1,2,1,0,0,0,1,0,0,0,1,1,0,0,0,0,0,1,0,0,1,1,0,1,1,1,0,1,1,1,0,0,0,0,1,1,0,1,1,49
880,1.1549014075550337,1.1219289677787254,1,0,0,0,0,1,0,0,0,0,1,1,0,0,1,0,0,0,0,1,0,0,1,1,0,0,0,0,1,1,1,0,0,1,1,0,1,1,0,39
230,-0.4942040479041527,1.3313552897668606,2,1,0,1,1,0,0,0,0,0,0,0,1,1,0,0,1,1,1,0,1,0,0,0,1,0,1,1,0,0,0,1,0,0,0,1,1,1,0,18
489,-0.808543326343691,1.0420978669385919,1,1,1,1,0,0,1,0,1,1,1,1,0,1,1,0,0,1,0,0,0,0,0,0,0,0,0,1,0,0,0,0,0,1,0,1,1,1,0,1
772,-0.2490794200653257,-1.3017170827854445,2,0,1,0,1,0,0,1,1,0,0,0,0,0,1,0,1,0,0,0,1,0,0,1,0,1,0,0,0,1,1,1,0,0,1,1,0,1,0,3
378,0.9553498229564245,0.27516902119500297,0,1,0,1,1,0,0,1,0,0,1,0,0,1,1,0,0,1,1,1,1,0,0,0,1,0,1,0,1,0,0,0,0,1,1,1,1,0,0,70
288,0.5073105042163978,-0.12448837215223678,0,2,1,0,1,0,0,0,0,1,0,1,0,1,0,0,0,0,0,0,0,0,1,0,1,0,0,0,1,1,1,1,1,1,0,0,1,0,1,30
418,-0.19737357988674978,-1.0762953043310277,2,0,0,0,0,1,0,1,0,0,1,0,1,1,1,0,0,0,0,1,0,1,0,0,0,0,0,1,1,1,0,0,1,1,1,1,1,1,1,9
674,-0.9066484374233281,-1.193851024002996,1,0,0,1,0,0,0,0,0,1,1,0,0,0,1,1,1,0,1,0,1,1,0,1,1,1,1,0,1,0,1,1,1,0,1,0,1,1,1,12
391,0.1904190227022328,1.4363773388581957,1,0,0,0,0,0,1,0,0,0,1,0,1,1,0,0,1,1,0,1,1,1,1,0,1,1,1,0,0,1,0,1,0,1,1,0,0,0,0,33
592,1.6839847430784254,-1.0549369824393646,0,0,0,1,0,1,0,1,0,1,0,1,1,1,1,0,1,1,1,0,1,1,1,0,0,0,1,1,1,0,0,1,0,1,1,1,0,0,0,16
498,-1.573468411739133,-1.0527526810613088,0,0,0,0,0,0,1,0,0,1,0,1,1,1,1,0,0,1,1,0,0,1,0,1,1,0,0,1,1,1,0,0,0,0,1,1,0,0,0,34
138,1.648852570630523,0.442084279124469,2,1,1,1,0,0,1,0,1,0,1,1,0,0,1,0,0,1,0,1,1,0,1,0,1,0,0,0,0,0,1,0,0,1,1,0,0,0,0,47
62,-0.22940805424953123,1.1211341299250277,1,0,0,0,1,0,1,0,0,0,1,1,0,1,1,0,1,1,1,0,0,1,1,1,0,0,0,1,1,1,1,1,1,1,0,0,0,0,0,0
471,-0.9321260312285317,1.2938880344735586,1,0,1,1,0,0,0,1,1,0,0,1,1,0,1,1,0,0,0,1,1,0,1,0,0,0,0,1,0,0,0,0,0,1,0,0,0,1,1,27
647,-1.6496496121554471,-0.5554969231627855,2,0,0,1,0,1,1,0,0,0,1,0,1,1,1,1,0,1,0,1,0,1,0,1,0,0,0,1,0,1,1,0,0,1,0,1,1,1,0,10
128,-0.6467823607974786,-1.5310556302956713,2,0,0,0,1,0,1,0,1,1,1,1,0,1,1,1,0,1,1,1,1,0,0,1,1,0,0,1,1,0,0,0,1,0,1,0,1,0,0,53
976,0.9222400352913472,-0.9800296840405084,0,1,1,0,1,0,0,0,0,1,1,1,1,0,0,1,1,1,0,1,1,1,0,1,0,0,0,0,0,1,0,0,1,0,0,0,1,1,0,26
520,-1.719687006701737,0.4012552240115091,0,2,1,1,0,1,0,0,1,0,1,0,1,0,1,0,1,1,0,1,1,0,1,1,0,1,1,1,1,1,1,0,1,1,1,1,0,0,0,11
838,0.00794078411762551,-0.7043710863401036,2,2,0,1,1,0,0,1,1,1,0,1,1,1,1,1,1,1,1,1,1,0,0,1,1,0,0,0,0,1,0,0,1,1,1,1,0,1,1,68
962,-1.1395127263154876,-0.006316153357353572,2,1,0,1,0,0,1,0,0,1,1,0,1,0,0,1,0,0,1,1,1,0,1,1,0,0,0,1,1,1,0,0,1,0,1,0,1,1,0,20
64,1.3747278920676762,-0.2599190328371906,1,1,1,0,1,0,0,1,1,0,1,1,1,0,1,0,0,0,1,1,1,0,1,0,0,1,1,0,0,1,0,0,0,1,1,0,0,0,0,67
812,0.7931710855784809,-1.2487617525406023,2,2,0,0,1,1,1,0,0,1,1,0,1,0,1,0,1,1,1,0,1,1,0,1,0,1,1,0,1,0,0,1,0,1,1,1,1,0,1,71
14,-0.40354276541714956,-1.2671146064006515,1,0,0,1,1,0,1,0,1,0,0,0,1,1,0,1,1,1,0,0,0,1,1,0,0,1,0,1,1,0,1,0,0,1,0,0,0,1,1,28
156,0.5780093936629348,-0.8668449484311308,0,2,0,0,1,0,0,0,0,1,1,1,1,0,0,0,1,1,1,1,1,1,1,1,1,1,1,1,0,0,0,1,0,0,1,1,0,1,1,60
40,-0.46438112602023307,-0.6920295334208875,1,0,0,1,0,0,1,1,1,0,1,1,1,1,0,0,0,1,0,0,1,1,0,1,1,1,0,1,1,1,0,0,1,1,1,1,1,1,1,70
492,1.5484919887739632,0.06165952675879702,0,0,0,0,0,0,1,1,1,0,0,0,0,0,0,1,0,1,0,1,1,1,0,0,0,0,0,0,0,0,0,1,1,0,1,0,0,0,1,64
379,0.9836571231999818,0.8580227416848341,1,2,0,0,0,1,0,0,0,1,1,0,0,0,0,0,1,0,0,1,0,1,1,1,1,1,1,0,0,0,1,1,1,0,0,0,1,1,0,42
187,-1.7338287182487306,0.04593897676224613,1,2,0,0,0,1,0,1,1,1,0,1,1,1,1,1,0,0,1,1,1,1,1,1,1,1,0,0,0,0,0,0,1,0,1,1,1,0,1,22
763,1.1556731092005486,-0.3835820258623204,2,0,1,0,1,0,0,0,0,1,1,1,1,0,0,0,0,0,0,1,1,0,1,1,1,0,1,1,1,1,0,0,0,0,1,0,0,1,1,43
216,-0.14553879331478112,1.0598952618583344,0,2,0,1,0,0,1,1,0,1,0,0,0,1,1,0,1,0,0,1,0,0,0,0,0,1,1,1,1,1,0,0,1,0,1,1,1,0,0,59
791,-0.40607404662875185,1.4720364239726136,0,0,0,1,0,0,1,1,0,1,0,1,0,1,0,0,0,0,1,1,1,1,1,0,0,1,0,0,1,1,1,1,1,1,0,1,0,0,0,41
52,-1.6210586729035812,-0.7401632557601614,2,1,0,0,0,0,1,0,0,0,1,1,1,1,0,0,1,1,1,1,1,0,1,0,1,0,0,1,1,1,1,1,0,1,0,1,0,1,1,10
878,1.085199330388724,1.1235255665585857,0,2,0,0,1,0,0,0,0,1,0,1,1,1,0,1,1,1,0,1,0,0,0,0,1,1,0,1,1,1,1,0,0,0,1,0,0,0,0,59
337,-0.3570476140605628,1.1718703225825169,0,2,1,0,0,0,0,0,0,1,0,1,0,1,0,0,0,0,0,1,0,1,1,0,0,1,1,1,1,0,1,1,1,1,0,1,1,0,1,30
748,-0.5706074232400681,1.0900367158303215,2,2,0,0,0,0,1,0,1,0,0,0,1,1,1,0,0,1,1,0,1,1,0,1,1,0,1,1,1,0,1,0,0,1,0,0,0,1,1,37
719,1.189408409684329,-1.2365905206468866,0,2,0,0,1,1,1,0,0,1,0,1,0,0,1,0,0,1,1,0,1,1,1,0,1,1,1,1,1,0,0,1,1,0,0,0,0,1,0,26
724,-1.7390738625804059,1.1543750175141256,0,1,0,0,0,1,0,0,0,1,0,1,1,0,0,1,0,1,0,0,1,0,0,0,1,1,0,1,0,0,0,1,0,1,1,1,1,0,0,18
295,0.39291911234402127,0.4294079894102379,1,1,1,1,0,0,0,0,1,0,1,1,0,0,0,0,1,1,1,1,0,1,1,1,0,0,0,1,0,1,0,0,1,0,0,0,1,0,0,27
701,-0.49705562542008336,1.311450880307164,0,0,1,0,0,1,1,0,0,1,0,0,0,1,1,0,0,1,0,0,0,0,0,0,0,0,1,0,0,1,1,1,0,1,1,0,1,1,1,64
251,-0.9098386496773142,-0.35758567751094195,1,2,0,0,1,0,1,1,0,0,0,0,0,1,0,1,0,0,1,0,1,1,0,0,1,0,0,0,0,0,0,1,0,0,0,0,1,1,0,71
726,-0.3243366041504485,-0.6347339552507094,1,1,0,0,0,0,1,1,1,0,0,1,1,0,1,0,0,1,0,1,0,1,0,0,0,1,1,0,1,0,0,1,0,0,1,0,0,0,0,44
461,-1.630555456859063,-0.39185675861142427,2,0,1,0,0,0,0,0,1,1,1,0,0,1,0,0,1,1,1,1,1,0,1,1,0,1,0,0,1,1,1,1,0,0,1,0,0,1,1,66
455,-0.9148386911543711,-0.3398027144607068,1,1,1,0,1,0,1,0,0,1,0,0,0,1,0,1,1,0,1,1,1,0,1,0,0,0,1,0,1,0,0,0,0,1,0,0,1,1,0,58
996,-0.9588623520304499,-0.9609496675205672,2,0,1,0,1,0,0,0,1,0,1,0,1,1,0,0,0,1,1,1,1,0,0,1,1,1,0,1,1,1,1,0,0,1,0,0,1,0,0,66
815,1.5275391148121928,0.1223408234358877,1,2,1,0,0,0,0,1,1,0,0,1,1,0,0,0,1,0,1,0,0,0,0,0,0,1,0,0,0,0,1,1,0,1,1,1,1,0,0,17
862,1.4462951269011826,0.5613837104656704,2,2,0,0,1,1,0,0,1,0,1,1,0,0,1,1,1,1,0,1,1,1,1,0,0,0,1,0,0,1,0,1,0,1,1,0,1,0,1,35
269,-0.9945096348374477,0.6356501973706246,2,1,0,1,1,0,0,0,0,0,0,0,0,0,0,0,0,1,1,1,0,1,1,1,0,1,0,1,0,1,1,1,1,0,1,0,0,1,0,10
201,0.9993202397461065,1.1949220318399603,0,0,1,1,0,1,0,0,0,1,0,1,1,1,0,0,1,0,1,0,0,1,0,1,0,0,1,1,0,0,0,0,0,0,0,0,0,1,1,73
161,-0.8829922199872988,1.5649097579593185,1,0,1,0,1,1,0,0,0,1,0,1,1,0,1,1,0,1,1,0,0,1,0,1,0,0,1,1,1,0,1,1,1,0,0,1,1,1,1,36
555,-1.6623028574268557,0.3887613634980609,1,0,0,0,0,1,1,0,1,0,1,0,1,1,1,0,0,1,1,1,1,1,1,0,0,1,1,0,1,1,1,1,0,0,0,0,0,1,1,66
729,-1.1526226807867161,-0.0750511437708622,2,1,0,0,1,0,1,0,1,0,1,1,0,0,0,0,0,1,0,0,1,0,1,1,1,0,0,0,0,1,1,1,0,0,0,0,0,0,0,8
401,1.519966594254809,0.7759609327964314,2,0,1,0,1,0,1,0,0,1,0,1,1,1,0,1,1,0,0,0,0,1,1,1,0,0,1,1,0,0,1,0,1,1,0,1,0,0,0,0
702,1.1519945994521479,-0.16961527257193895,2,1,0,0,0,1,1,1,1,0,0,0,0,1,0,1,1,0,0,1,1,1,0,0,1,0,0,1,1,0,1,1,1,0,1,1,0,1,1,45
476,1.4815414888811862,-0.4926402646089774,0,0,0,0,0,1,0,0,1,1,1,1,0,0,1,0,1,1,0,1,0,0,0,0,0,0,0,0,1,0,1,0,0,1,0,1,1,0,0,52
821,-1.7709187582470352,1.177061205829088,0,1,0,1,0,1,0,0,1,1,1,0,0,0,0,1,1,1,0,1,1,0,0,0,0,0,1,1,1,1,0,0,1,0,1,0,1,1,0,11
771,-0.21405608436230553,0.40404207274508486,2,1,0,1,1,1,0,0,0,0,0,1,0,0,1,0,0,0,0,1,1,0,0,1,0,1,1,1,0,0,1,0,0,1,1,0,0,1,1,39
105,-0.7297776104150951,-1.3566072053403737,2,0,1,1,0,0,0,1,0,0,0,0,0,0,0,1,0,1,0,0,1,0,1,1,0,1,1,1,0,1,1,1,1,0,1,0,0,1,1,72
565,-1.2951357378504635,-0.542968264848209,2,1,0,1,0,1,0,0,1,1,1,1,1,1,0,0,1,1,1,0,0,1,0,0,1,0,1,0,1,0,1,1,1,0,0,1,1,0,1,32
389,1.189930115616707,-0.04027626271739945,2,2,1,0,0,1,0,1,0,1,1,0,0,1,1,0,1,1,0,0,0,1,0,0,1,1,0,0,0,1,1,1,0,0,0,0,0,0,0,19
1,0.13957521612313747,-0.7076792299476464,1,1,0,0,0,1,1,1,1,0,1,1,0,1,1,0,1,0,0,1,0,0,1,0,1,0,1,0,0,1,0,0,1,0,1,1,1,1,1,70
937,0.5715043774056514,-1.5046091189993427,0,1,0,0,0,0,1,0,1,0,1,1,1,0,0,0,0,0,1,0,1,1,0,0,0,1,0,0,1,0,0,1,1,0,0,1,0,0,1,61
982,-0.6547132049555955,1.660947867460673,2,1,0,1,1,0,0,1,0,1,0,0,0,0,0,1,0,0,0,1,1,1,1,0,1,0,1,1,0,1,1,0,1,0,1,1,1,0,0,4
561,0.3414462798738064,0.38214843699776385,2,2,1,1,1,0,0,0,0,1,0,0,0,1,1,1,1,0,1,1,0,1,0,1,0,1,0,1,1,0,1,0,1,0,1,0,0,1,0,47
80,0.39601764221509034,-1.4232664454635076,2,2,1,0,0,0,0,0,0,1,1,0,0,1,1,0,1,1,0,0,0,0,1,1,1,0,1,0,0,0,0,0,1,0,0,0,1,0,0,74
205,-1.0421300262246513,-1.2822273087143583,1,0,1,0,0,0,1,0,0,0,0,0,0,0,0,1,1,0,1,1,0,1,1,0,1,1,1,0,1,0,1,0,1,0,0,0,1,0,0,40
34,-1.6312172355451044,0.5309665914626147,2,0,0,1,0,0,0,0,0,0,1,0,1,1,1,1,1,1,1,0,1,0,1,0,1,1,0,0,1,0,0,0,0,1,0,1,0,0,1,32
775,-0.10853060105377144,0.8055938146004379,0,2,0,0,0,0,0,1,1,0,1,1,0,1,1,1,1,0,1,1,1,0,1,0,1,1,1,0,1,0,1,1,0,1,0,1,1,0,1,31
508,-0.3031786117738715,0.953378251604397,2,2,0,0,1,0,1,1,0,1,0,1,1,0,0,0,0,1,1,1,1,1,1,1,0,0,1,1,1,0,1,0,1,0,0,1,0,0,0,37
427,-0.09707173190384437,-1.0508027463305873,0,0,0,0,0,1,0,0,1,0,1,1,1,0,1,1,0,1,1,0,1,1,1,0,1,1,0,0,0,1,1,1,0,1,0,0,0,0,1,12
454,-0.8143950677030378,-0.9268409185464301,0,0,0,1,1,0,0,0,1,1,1,1,0,0,0,1,1,0,1,1,1,0,1,0,1,0,1,0,0,1,0,0,1,0,1,1,0,1,0,12
366,0.018456075288005063,1.7238209263026505,0,0,0,0,1,0,0,1,1,0,1,0,1,0,0,0,1,0,1,1,0,1,1,0,1,1,0,1,1,1,1,1,1,0,1,1,0,0,0,41
91,1.4719530323285044,-1.538349226367266,0,1,1,0,1,0,1,0,1,0,1,1,0,0,1,1,0,1,1,1,1,0,0,1,1,0,1,1,1,0,1,0,0,0,1,0,0,0,1,57
339,0.4686548571351073,-0.2953344949355413,2,1,1,1,0,1,0,0,1,0,1,0,1,1,1,1,1,1,0,1,0,1,0,0,0,0,1,1,1,1,1,1,1,0,0,0,0,0,0,45
897,1.2710989687923093,-1.657558196868393,2,1,1,0,0,0,1,1,1,0,1,1,1,0,1,1,1,1,1,0,1,0,1,1,1,0,1,0,0,1,1,1,1,0,0,0,0,0,0,24
564,-0.704049032539334,-0.7089598927312251,2,1,0,0,0,1,0,0,1,0,0,0,1,0,0,0,0,0,1,0,0,1,1,0,0,1,0,1,1,0,0,1,0,0,0,0,0,0,1,46
345,1.043347276694563,-0.2168849071287796,1,1,0,1,0,1,0,1,0,0,0,0,0,0,1,1,1,0,1,1,0,0,0,0,1,1,1,1,0,1,0,0,0,0,1,0,1,0,1,2
776,-0.46318258118329414,-0.35437252690741744,0,1,0,0,0,1,0,0,0,1,1,1,0,0,1,1,0,1,1,0,1,1,0,0,1,0,0,1,1,1,1,0,1,0,1,0,1,1,1,13
241,-0.632363243743928,-0.5723484112980493,1,2,0,0,1,1,0,0,0,1,0,0,1,0,0,0,1,1,1,0,0,0,1,1,0,1,0,0,0,1,0,1,1,1,0,0,1,1,0,74
13,0.8012850302880716,0.3088246209890492,1,1,1,0,1,0,1,0,1,1,0,1,1,1,0,0,0,1,0,1,1,1,0,0,1,0,0,1,0,1,1,1,1,0,1,0,0,1,1,48
315,0.5979506495546016,1.2120852502769985,2,0,0,1,0,0,0,1,1,1,1,0,1,1,1,0,0,1,1,0,0,0,0,1,0,0,1,1,0,1,1,1,0,1,0,0,0,0,1,32
600,-1.5991531104597017,-1.214681051131889,0,2,1,0,0,0,0,0,0,0,1,1,0,1,1,0,0,0,0,0,0,1,0,1,0,1,0,1,0,1,0,0,0,1,1,1,0,0,0,1
387,1.232266298089825,1.0264936936941587,1,2,0,0,1,0,0,0,1,0,0,0,1,0,1,1,0,1,1,1,0,1,1,1,0,0,1,1,0,1,1,1,1,1,1,0,0,1,1,21
273,-1.0990427877241573,0.8475525211784485,1,2,0,1,0,1,0,0,1,1,1,0,0,0,0,0,0,0,1,1,1,0,0,0,1,1,0,0,1,0,0,1,0,1,1,0,1,0,0,22
166,-1.7571392845875893,1.5059376920177272,2,0,0,0,0,0,0,1,1,0,1,0,1,1,0,1,1,1,1,1,1,1,0,0,0,0,0,1,0,1,1,0,1,0,1,0,1,0,1,32
840,1.707127337584349,0.16686736576570377,0,1,0,0,1,0,0,0,1,1,1,0,1,0,1,1,0,0,0,1,1,1,0,0,1,0,1,1,0,0,0,0,1,1,1,0,0,1,1,67
992,-0.04091921297520321,0.8550769215397017,0,1,0,0,0,0,1,0,0,0,1,0,0,0,1,0,1,0,1,1,1,1,1,1,0,1,1,1,1,0,1,0,1,0,1,1,0,0,0,41
646,0.3254978216046082,1.7838991379098552,1,2,1,0,0,0,0,0,1,1,1,0,1,1,0,1,1,1,1,0,0,1,1,0,0,0,0,0,1,1,1,1,0,1,1,0,0,0,1,19
818,1.0937272990004208,-0.1906211322985863,1,0,0,0,0,0,0,1,0,0,1,1,0,1,0,0,1,1,1,1,0,0,1,0,1,0,0,1,0,1,1,0,1,1,1,0,0,1,1,39
484,-1.1687510886065025,1.0994865465104642,1,1,1,0,0,0,0,0,1,1,0,1,0,1,0,1,0,0,0,0,0,1,0,1,0,0,0,0,0,0,1,0,1,0,1,1,0,0,1,6
980,1.5638606041658685,1.0727371483932773,1,2,1,0,0,1,0,0,0,1,1,0,1,1,1,1,0,1,1,0,0,1,0,0,1,0,1,0,1,0,1,1,0,0,1,0,0,0,0,19
504,1.268105615807951,0.9210856425042148,2,0,0,1,0,1,1,0,1,1,1,1,0,0,0,1,0,1,1,1,1,1,1,0,1,0,1,1,0,0,0,0,1,0,0,0,0,0,1,54
831,0.6436812330533934,-0.6643255578750662,0,0,1,0,0,0,0,0,1,0,0,1,1,1,0,0,0,0,0,0,1,0,1,0,1,0,0,1,0,0,0,1,0,0,0,0,1,1,1,43
243,1.4400848662267618,-0.07347611117790416,2,2,1,0,0,0,0,1,0,1,1,1,0,0,1,0,0,1,1,0,1,0,1,0,0,1,0,1,0,1,0,1,1,0,0,1,0,0,0,48
566,-0.9579609211341795,-0.28304148033991894,1,1,0,1,0,1,0,1,1,1,1,1,0,1,0,0,0,1,0,1,1,1,0,1,0,1,1,0,1,0,0,1,0,0,1,1,0,0,1,9
875,1.208200489681507,0.2697210432670823,0,2,1,0,0,0,0,1,1,0,0,1,1,1,0,1,1,0,0,1,0,0,1,0,0,0,1,1,1,0,0,0,0,1,0,1,1,0,0,30
562,-1.0793367021843165,-0.014967545417953273,0,2,0,1,0,0,0,1,0,0,0,1,1,1,1,0,0,1,1,1,0,1,1,0,1,0,0,0,1,0,0,0,0,0,0,0,0,1,0,55
686,-0.28376351431583435,-1.2611732275315115,2,0,0,0,0,1,0,1,0,0,0,1,0,0,0,1,1,0,0,0,0,1,0,0,0,1,0,0,1,0,1,0,0,0,0,1,1,1,0,40
189,1.0185323227185001,-1.2355666932895166,1,2,0,0,0,1,1,0,0,1,1,1,0,1,1,0,1,1,0,0,1,1,0,1,0,1,0,1,1,1,0,1,0,1,0,0,1,0,0,74
782,1.4477984185380786,-1.2050673231925138,0,2,0,1,1,0,0,1,1,1,1,0,0,0,1,1,1,1,0,1,0,1,0,1,0,1,0,0,1,0,1,0,1,0,1,1,0,1,0,26
699,0.393581497744519,-1.5585024631499316,0,1,0,0,0,0,1,0,1,1,1,1,0,0,0,0,0,0,0,1,0,0,1,1,0,0,0,1,0,1,0,0,1,0,1,0,1,1,0,43
475,0.5507511124999955,0.6330899856403688,1,2,1,0,1,0,0,0,0,1,0,1,1,0,1,1,0,1,0,0,1,1,0,0,0,0,0,0,1,0,1,1,1,1,0,0,0,0,0,19
681,1.0322573095054859,1.712160014148606,0,2,0,0,0,0,1,0,1,1,1,0,0,1,1,0,0,0,0,0,0,1,1,0,0,1,0,1,1,1,1,1,0,0,1,0,0,1,0,59
510,1.4668770634729598,-0.7018220897952003,0,1,1,0,0,0,1,0,1,1,0,1,0,0,1,1,0,1,1,1,1,0,1,1,0,0,1,0,1,1,0,1,1,0,0,0,1,0,1,64
58,0.21373627268582757,-1.530390804094092,1,2,1,1,0,0,0,1,0,1,1,0,1,1,0,1,1,1,0,0,1,1,1,0,0,1,1,1,1,0,1,1,1,0,0,1,1,1,0,26
474,-1.0432631241860488,-0.3262246393461536,1,2,0,0,0,0,1,0,1,1,1,1,0,1,1,1,1,0,0,0,0,0,0,1,1,0,0,1,1,0,0,0,0,1,0,1,0,1,0,1
560,-0.6942929075109453,-1.6388329085954398,0,2,0,0,0,0,0,1,1,1,1,1,1,0,1,0,1,1,1,0,0,0,1,1,1,0,1,0,0,1,1,1,0,0,1,0,1,0,0,34
856,-0.604986643476298,-0.21943443178600675,0,2,0,0,0,1,0,0,0,0,0,1,0,1,1,1,0,1,0,0,1,0,0,0,1,1,1,0,1,0,0,1,0,0,0,1,0,0,0,5
747,-1.6726546292655518,-0.2567837451943034,1,0,0,0,1,0,0,0,1,0,1,0,1,0,1,1,0,0,1,0,1,0,0,1,0,1,1,1,0,1,1,1,1,1,0,1,0,0,0,69
252,-1.4611957646052425,-1.1077106036365931,2,0,1,0,0,1,1,0,0,0,1,1,1,1,0,0,0,0,0,1,1,0,0,0,1,0,0,1,1,1,1,0,0,0,0,0,1,0,1,66
21,0.5342192493525029,0.9940437455296032,2,1,0,0,0,1,1,1,0,1,0,0,1,0,0,1,0,1,1,1,1,1,1,0,0,1,0,0,1,1,0,0,1,0,1,1,0,1,0,20
313,0.9862012628437703,-0.39751698968336857,1,1,0,1,1,0,0,0,0,1,1,1,1,1,0,0,0,0,0,1,1,1,0,1,0,1,1,0,1,0,0,1,0,1,0,1,0,0,1,52
459,1.3625887883693766,0.635936664699229,2,0,0,1,0,0,0,0,1,0,0,0,1,0,1,1,0,1,1,0,0,0,1,1,0,1,0,0,0,0,1,1,0,0,1,0,1,0,0,65
160,0.6585032867916474,1.4005498435246855,1,2,1,0,0,1,0,0,0,1,1,0,0,0,1,1,0,1,1,0,0,0,1,0,1,1,0,1,1,1,1,1,0,1,1,1,0,1,1,19
276,-0.014520010125199549,1.4520395468460114,1,2,0,1,0,0,0,0,0,0,0,0,0,0,1,1,0,0,0,0,1,0,1,1,1,0,1,1,0,1,1,0,0,0,0,1,0,0,0,18
955,0.3882713371088517,-1.3250695376083241,2,2,1,0,1,1,0,0,1,0,0,1,0,0,1,0,1,0,0,1,0,1,1,0,1,1,0,1,1,1,1,0,1,1,1,1,0,0,0,63
191,-0.5311326529285028,1.6546657025098979,2,0,0,0,0,1,1,0,1,1,0,0,1,0,0,0,1,0,0,0,1,0,1,1,0,1,0,0,1,1,1,1,0,1,1,0,1,0,0,33
385,0.04840339320689528,-1.3549492783166373,2,2,0,0,0,0,0,1,1,1,0,1,1,0,1,1,0,1,1,1,1,0,1,0,1,0,1,1,0,1,0,1,1,1,0,1,1,0,1,63
805,0.2680557604563037,0.028938244084229296,0,1,0,1,0,0,0,0,0,1,0,0,1,1,1,1,1,0,0,1,0,1,1,1,1,1,1,0,0,0,1,0,1,1,0,0,1,1,0,31
413,-0.9404366884219942,-1.1068109594916935,0,1,0,1,0,0,0,0,0,0,1,1,0,1,1,1,0,1,1,0,0,0,1,0,0,1,0,1,1,1,1,0,0,0,0,0,0,1,0,58
491,1.4196475038384848,-0.44208271794762305,1,2,0,1,0,0,0,0,1,0,1,0,1,0,1,1,1,0,1,1,1,0,1,1,0,1,0,0,1,0,0,0,0,0,1,0,1,1,1,2
343,0.963282956972328,-0.23284753421259488,1,2,0,1,0,0,0,1,1,0,0,0,0,1,1,0,0,0,1,1,0,1,0,1,0,1,0,1,1,0,0,0,0,1,0,0,1,1,1,2
769,-0.716186590094342,-1.1723450995178049,0,0,0,0,1,0,0,0,1,1,1,0,1,1,0,1,0,1,0,0,0,1,0,1,0,1,0,1,1,1,0,0,0,1,1,1,0,1,0,3
308,0.5476067952589118,-1.2208888578674493,2,1,0,0,0,1,0,0,1,0,0,1,1,1,0,0,0,1,1,0,1,0,1,1,1,0,0,0,0,0,1,0,1,0,0,0,0,1,1,24
661,1.452621358108205,1.088028170233682,2,0,1,1,0,0,0,0,1,1,0,1,1,0,1,0,0,0,1,1,1,1,0,1,0,1,1,1,1,1,1,0,1,1,1,1,1,0,0,65
130,1.5599607317123805,0.7490382850308563,2,0,0,0,0,0,1,0,0,1,1,0,1,1,0,0,0,1,1,0,1,0,1,0,0,0,1,0,1,0,0,1,1,1,1,0,1,1,0,29
663,-1.2550177719295095,-1.378458352050721,1,0,0,0,1,0,1,0,0,0,0,1,0,1,1,1,1,1,1,0,1,1,0,0,1,1,0,0,0,1,1,0,1,1,0,1,1,1,1,12
871,0.011136026230168381,1.6840527240219918,2,2,0,1,0,0,1,0,1,1,1,0,0,1,1,0,0,1,0,1,0,1,1,1,1,0,1,0,0,1,0,1,0,1,0,1,0,0,1,35
99,0.957118219453562,1.4355783337181598,0,0,1,0,0,0,0,1,0,0,1,0,1,1,1,0,0,1,0,0,1,1,0,1,0,1,0,1,0,0,1,1,1,1,0,1,0,0,1,38
372,-0.9546776564968914,1.7309509899926188,2,1,0,0,1,1,0,0,1,0,1,1,1,0,0,1,1,0,1,1,0,1,0,1,1,1,0,1,0,0,1,1,0,1,1,1,1,0,1,36
87,0.8435034514423697,1.345187569348045,2,0,0,1,1,0,0,1,0,0,1,1,0,1,1,1,0,0,0,0,0,1,0,1,0,0,0,0,1,1,1,1,1,1,0,1,1,0,0,47
458,0.21453136219506008,-1.2893295648899588,0,2,0,0,1,0,0,1,1,1,0,0,0,1,0,1,1,0,1,0,0,1,0,0,0,1,0,0,1,1,1,0,0,1,1,1,1,0,1,71
330,0.7461713337228963,1.7455299051753859,0,0,1,0,0,1,0,0,1,1,0,0,0,0,1,0,0,0,0,0,1,0,0,1,1,1,0,1,0,1,0,1,0,0,0,0,1,1,1,73
214,-0.2994017457835349,-0.9761481352756862,0,0,0,0,0,1,0,0,0,0,0,1,1,0,1,1,1,0,1,0,0,0,1,1,0,0,0,1,0,1,1,1,0,0,1,1,1,1,1,56
466,-0.9133515850934536,0.30328621102718084,2,0,0,1,0,1,0,0,1,1,0,1,1,0,1,0,1,0,1,0,1,1,1,1,0,1,1,1,0,1,0,0,0,1,0,1,1,0,0,4
121,-0.3394311216081555,1.1286592216333233,2,2,0,0,0,1,0,1,1,0,1,1,1,0,1,1,0,0,1,1,1,0,1,0,1,1,1,1,1,0,1,0,0,0,1,0,0,1,0,20
614,1.1062094801523104,0.7831919235525306,0,2,1,0,0,1,1,0,0,1,0,0,1,1,0,1,0,0,0,0,1,0,1,0,1,1,0,1,1,1,1,0,0,0,1,1,0,0,1,59
20,0.4779100317369529,1.6185232025782048,0,1,1,0,0,0,0,1,0,1,0,0,0,1,0,1,1,0,0,1,0,1,0,1,1,0,1,1,1,0,0,1,1,0,0,0,0,0,0,38
700,0.25619645976523453,-0.4548275566415051,1,2,1,0,0,1,1,0,1,0,0,1,1,0,1,0,0,0,0,0,0,0,1,0,1,0,1,0,0,1,1,0,0,1,1,1,0,0,1,57
71,-0.43274645691270336,0.4827378857213647,1,0,0,1,0,0,1,0,1,1,1,1,0,0,0,1,1,0,1,0,1,1,0,1,0,0,0,1,1,0,1,0,1,0,1,1,1,1,1,32
106,-0.753893844623303,-1.2373503110463573,1,0,0,0,1,0,0,0,1,0,1,0,1,0,1,0,0,0,1,0,0,1,0,0,1,0,0,1,1,1,1,0,0,1,1,1,1,1,1,3
270,-1.5273817064259416,0.4211128043111331,2,1,0,1,0,0,0,0,0,0,1,0,1,1,1,1,0,0,1,0,1,0,0,1,0,0,1,1,0,0,1,1,0,1,1,1,0,1,0,69
860,-0.05080744518358757,-0.8497049573343048,0,0,1,0,0,1,0,1,0,1,0,1,1,0,1,1,0,0,1,0,1,0,1,1,1,1,1,1,1,1,0,1,1,0,1,1,0,0,0,72
435,-1.6864398862837666,-0.4452164404576229,1,1,0,0,1,0,0,0,1,0,1,0,1,1,0,1,0,0,0,1,0,1,0,0,0,1,1,0,0,1,0,0,0,0,0,1,0,1,1,49
102,-0.8722581201839785,0.058088296795538084,2,0,0,0,0,0,1,1,0,1,0,0,0,1,0,0,0,1,1,1,1,0,1,0,1,1,1,0,0,0,0,0,0,1,1,1,0,1,1,54
